sessionDate,bio_baseline_completeness,bio_baseline_composite,emboss,msk_joint_range_baseline_completeness,msk_joint_range_baseline_composite,msk_load_tolerance_baseline_completeness,msk_load_tolerance_baseline_composite,sleep_baseline_completeness,sleep,soreness_baseline_completeness,soreness,subjective_baseline_completeness,subjective,sleep_norm,subjective_norm,soreness_norm,emboss_norm
1/1/2024,0.0,,,0.0,,0.0,,0.0,,0.0,,0.0,,,,,
1/1/2025,0.0,,,0.0,,0.0,,0.0,,0.0,,0.0,,,,,
1/10/2023,0.0,,0.0,0.0,,0.0,,0.0,,0.223684211,0.0,0.140350877,0.0,,52.015355087146006,63.291139240506325,49.34114202088367
1/10/2024,0.548387097,0.032916667,0.0515157,0.0,,0.0,,0.741935484,-0.029130435,0.129032258,0.04875,0.741935484,0.140869565,44.40759227510345,60.126846357054454,66.37658227848101,53.86667935351879
1/11/2023,0.0,,,0.0,,0.0,,0.0,,0.0,,0.0,,,,,
1/11/2024,0.451612903,-0.118095238,-0.028496212,0.161290323,0.029,0.225806452,-0.049285714,0.709677419,-0.041818182,0.193548387,-0.063333333,0.709677419,0.022878788,43.35347432224971,53.33275170953272,59.282700443037974,46.837814467444915
1/12/2023,0.0,,-0.0575,0.0,,0.0,,0.0,,0.064516129,-0.145,0.064516129,-0.033333333,,50.09596930905795,54.11392405063291,44.2898975143251
1/12/2024,0.0,,,0.0,,0.0,,0.0,,0.0,,0.0,,,,,
1/2/2024,0.0,,,0.0,,0.0,,0.0,,0.0,,0.0,,,,,
1/2/2025,0.0,,-0.042539683,0.0,,0.0,,0.677419355,-0.152857143,0.112903226,0.12,0.677419355,-0.058888889,34.12818300328454,48.62444017221667,70.88607594936708,45.6041274110664
1/3/2024,0.311827957,-0.141666667,-0.035671296,0.0,,0.0,,0.225806452,0.097142857,0.032258065,0.19,0.225806452,0.02047619,54.89857574625421,53.19440633519938,75.31645569620252,46.20749962154759
1/3/2025,0.0,,0.0,0.0,,0.0,,0.032258065,0.0,0.0,,0.032258065,0.0,46.82779457799764,52.015355087146006,,49.34114202088367
1/4/2024,0.462365591,-0.093541667,-0.024517361,0.258064516,0.279375,0.258064516,-0.113125,0.161290323,-0.458,0.032258065,-0.19,0.161290323,-0.050666667,8.776435072877204,49.09788865608364,51.26582278481012,47.18734749798691
1/5/2024,0.0,,-0.091027778,0.0,,0.0,,0.322580645,-0.125,0.064516129,-0.29,0.322580645,-0.092333333,36.44259820651281,46.698656447868956,44.93670886075949,41.344558306679616
1/6/2024,0.0,,,0.0,,0.0,,0.0,,0.0,,0.0,,,,,
1/7/2024,0.0,,,0.0,,0.0,,0.0,,0.0,,0.0,,,,,
1/8/2023,0.0,,-0.033,0.096774194,0.0,0.161290323,0.0,0.0,,0.0,,0.064516129,-0.055,,48.84836852163084,,46.442166912771796
1/8/2024,0.0,,-0.098812261,0.0,,0.0,,0.743589744,-0.257931034,0.358974359,-0.336428571,0.743589744,0.005057471,25.39847907087659,52.30657222737296,41.99819170886075,40.66070914163355
1/9/2023,0.0,,0.0,0.0,,0.0,,0.0,,0.0,,0.075268817,0.0,,52.015355087146006,,49.34114202088367
1/9/2024,0.0,,,0.0,,0.0,,0.0,,0.0,,0.0,,,,,
10/1/2024,0.0,,,0.0,,0.0,,0.0,,0.0,,0.0,,,,,
10/1/2025,0.0,,0.045716374,0.0,,0.0,,0.612903226,0.034210526,0.016129032,0.19,0.612903226,0.069649123,49.670058821851946,56.02586121152624,75.31645569620252,53.35722172570587
10/10/2023,0.0,,0.178,0.0,,0.0,,0.0,,0.064516129,0.05,0.053763441,0.136,,59.84644914005622,66.45569620253164,64.97803805857802
10/10/2024,0.0,,0.003111111,0.0,,0.0,,0.394736842,0.327333333,0.236842105,0.021111111,0.394736842,-0.115111111,74.02316211509876,45.387076140263744,64.62728550632912,49.61444606171922
10/11/2023,0.0,,0.0,0.0,,0.0,,0.0,,0.032258065,0.0,0.129032258,0.0,,52.015355087146006,63.291139240506325,49.34114202088367
10/11/2024,0.0,,,0.0,,0.0,,0.0,,0.0,,0.0,,,,,
10/12/2023,0.0,,,0.0,,0.0,,0.0,,0.0,,0.0,,,,,
10/12/2024,0.0,,,0.0,,0.0,,0.0,,0.0,,0.0,,,,,
10/2/2024,0.0,,0.067752525,0.0,,0.0,,0.35483871,-0.04,0.032258065,0.0,0.35483871,0.173333333,43.5045317391225,61.9961612138181,63.291139240506325,55.29304758108753
10/2/2025,0.0,,,0.0,,0.0,,0.0,,0.0,,0.0,,,,,
10/3/2024,0.0,,0.202694444,0.0,,0.0,,0.322580645,0.035,0.048387097,0.095,0.322580645,0.4,49.7356495620134,75.04798465452896,69.30379746835442,67.14738892114356
10/3/2025,0.0,,,0.0,,0.0,,0.0,,0.0,,0.0,,,,,
10/4/2024,0.505376344,-0.124270833,-0.108697917,0.0,,0.0,,0.35483871,-0.316363636,0.048387097,0.0,0.35483871,0.104242424,20.543806700742053,58.01779793014118,63.291139240506325,39.792276697046994
10/5/2024,0.0,,0.061518519,0.0,,0.0,,0.483870968,-0.005333333,0.064516129,-0.48,0.483870968,0.165777778,46.384692893841475,61.56110046509063,32.91139240506329,54.745404301759656
10/6/2024,0.0,,,0.0,,0.0,,0.0,,0.0,,0.0,,,,,
10/7/2023,0.0,,0.196666667,0.0,,0.0,,0.0,,0.032258065,0.0,0.064516129,0.196666667,,63.33973131030315,63.291139240506325,66.61786239143903
10/7/2024,0.0,,-0.149444444,0.0,,0.0,,0.631578947,0.032083333,0.368421053,-0.475714286,0.631578947,-0.178611111,49.49332828565156,41.730646196441704,33.18264012658228,36.21278677234976
10/8/2023,0.0,,0.2,0.0,,0.0,,0.0,,0.032258065,0.0,0.053763441,0.2,,63.53166987083748,63.291139240506325,66.9106881306526
10/8/2024,0.0,,-0.002957516,0.0,,0.0,,0.548387097,-0.120588235,0.129032258,-0.025,0.548387097,0.031568627,36.80913457347156,53.83312631625071,61.70886075949367,49.08133095222177
10/9/2023,0.0,,,0.0,,0.0,,0.0,,0.0,,0.0,,,,,
10/9/2024,0.0,,0.033333333,0.0,,0.032258065,0.0,0.419354839,-0.110769231,0.080645161,0.033333333,0.419354839,0.101282051,37.62491285117072,57.84733499341549,65.4008438607595,52.26939967656258
11/1/2024,0.0,,0.015152778,0.193548387,0.383333333,0.193548387,0.0075,0.290322581,-0.033333333,0.064516129,-0.29,0.290322581,-0.197037037,44.058408906628884,40.669652376456675,44.93670886075949,50.67227917969414
11/1/2025,0.0,,,0.0,,0.0,,0.0,,0.0,,0.0,,,,,
11/10/2023,0.0,,0.0,0.0,,0.0,,0.0,,0.236842105,0.0,0.105263158,0.0,,52.015355087146006,63.291139240506325,49.34114202088367
11/10/2024,0.0,,,0.0,,0.0,,0.0,,0.0,,0.0,,,,,
11/11/2023,0.0,,-0.071818182,0.0,,0.0,,0.0,,0.032258065,0.0,0.11827957,-0.071818182,,47.87995113162378,63.291139240506325,43.03207772003978
11/11/2024,0.0,,,0.0,,0.0,,0.0,,0.0,,0.0,,,,,
11/12/2023,0.0,,,0.0,,0.0,,0.0,,0.0,,0.0,,,,,
11/12/2024,0.0,,-0.076027778,0.0,,0.0,,0.64516129,-0.2025,0.032258065,-0.19,0.64516129,-0.037166667,30.00377645619221,49.87523990398281,51.26582278481012,42.662274264912284
11/2/2024,0.0,,0.105454545,0.0,,0.0,,0.35483871,0.050909091,0.0,,0.35483871,0.185454545,51.057401835027974,62.6941196785774,,58.60508447519468
11/2/2025,0.129032258,-0.2125,-0.077696759,0.0,,0.0,,0.774193548,-0.168333333,0.064516129,0.0,0.774193548,-0.059722222,32.842396825425254,48.57645554647848,63.291139240506325,42.51565807173315
11/3/2024,0.0,,,0.0,,0.0,,0.0,,0.0,,0.0,,,,,
11/3/2025,0.215053763,-0.310555556,-0.107920139,0.290322581,-0.018888889,0.483870968,0.190333333,0.709677419,-0.124090909,0.016129032,0.0,0.709677419,-0.076212121,36.518126914949214,47.626941208302085,63.291139240506325,39.86060272921781
11/4/2024,0.0,,0.023277778,0.0,,0.0,,0.322580645,-0.23,0.032258065,0.0,0.322580645,0.154,27.719033254465547,60.88291747058844,63.291139240506325,51.386041990403484
11/5/2024,0.0,,,0.0,,0.0,,0.0,,0.0,,0.0,,,,,
11/6/2024,0.0,,,0.0,,0.0,,0.0,,0.0,,0.0,,,,,
11/7/2023,0.0,,0.0,0.0,,0.0,,0.0,,0.032258065,0.0,0.053763441,0.0,,52.015355087146006,63.291139240506325,49.34114202088367
11/7/2024,0.0,,-0.007678571,0.0,,0.0,,0.451612903,-0.033571429,0.112903226,0.07125,0.451612903,-0.005238095,44.03862751690676,51.713737332711595,67.8006329113924,48.66659698467549
11/8/2023,0.0,,-0.082777778,0.0,,0.0,,0.0,,0.080645161,-0.163333333,0.096774194,-0.111111111,,45.61740243593758,52.953586518987336,42.06930208370759
11/8/2024,0.0,,,0.0,,0.0,,0.0,,0.0,,0.0,,,,,
11/9/2023,0.0,,0.5,0.0,,0.0,,0.0,,0.0,,0.021505376,0.5,,80.8061420463747,,93.265007295306
11/9/2024,0.0,,,0.0,,0.0,,0.0,,0.0,,0.0,,,,,
12/1/2024,0.0,,0.011,0.0,,0.0,,0.322580645,-0.12,0.032258065,-0.19,0.322580645,0.090666667,36.85800606137221,57.23608447494667,51.26582278481012,50.30746705692096
12/1/2025,0.129032258,-0.307083333,-4.31e-05,0.193548387,0.011666667,0.016129032,0.09,0.612903226,0.061052632,0.048387097,0.19,0.612903226,0.023508772,51.90014315652564,53.36902717979617,75.31645569620252,49.33735578369702
12/10/2023,0.0,,-0.013,0.0,,0.0,,0.0,,0.064516129,0.095,0.053763441,-0.064,,48.33013435636473,69.30379746835442,48.19912152374869
12/10/2024,0.0,,,0.0,,0.0,,0.0,,0.0,,0.0,,,,,
12/11/2023,0.0,,,0.0,,0.0,,0.0,,0.0,,0.0,,,,,
12/11/2024,0.0,,,0.0,,0.0,,0.0,,0.0,,0.0,,,,,
12/12/2023,0.0,,0.079537037,0.193548387,0.230833333,0.193548387,0.076666667,0.0,,0.0,,0.043010753,-0.1,,46.25719769530027,,56.32829021591316
12/12/2024,0.0,,0.006794872,0.0,,0.0,,0.419354839,0.081538462,0.032258065,0.0,0.419354839,-0.018205128,53.60213809558848,50.96707516351903,63.291139240506325,49.938056105453555
12/2/2024,0.0,,,0.0,,0.0,,0.0,,0.0,,0.0,,,,,
12/2/2025,0.0,,-0.069965278,0.0,,0.0,,0.774193548,-0.119166667,0.064516129,0.0,0.774193548,-0.08,36.92724067615491,47.40882917366942,63.291139240506325,43.19485113136466
12/3/2024,0.0,,,0.0,,0.0,,0.0,,0.0,,0.0,,,,,
12/3/2025,0.0,,-0.012166667,0.0,,0.0,,0.806451613,-0.0208,0.048387097,-0.1,0.806451613,-0.006133333,45.09969790178256,51.66218811963999,56.9620253164557,48.272327936590145
12/4/2024,0.0,,-0.088838384,0.0,,0.0,,0.35483871,-0.312727273,0.032258065,-0.19,0.35483871,-0.016666667,20.845921451406067,51.05566216931119,51.26582278481012,41.536891600856876
12/5/2024,0.0,,,0.0,,0.0,,0.0,,0.0,,0.0,,,,,
12/6/2024,0.0,,,0.0,,0.0,,0.0,,0.0,,0.0,,,,,
12/7/2023,0.0,,0.142857143,0.0,,0.0,,0.0,,0.064516129,0.0,0.075268817,0.142857143,,60.24129422658015,63.291139240506325,61.890817826125435
12/7/2024,0.0,,-0.035611111,0.0,,0.0,,0.483870968,-0.083333333,0.161290323,-0.019,0.483870968,-0.03,39.90433035803495,50.28790786959229,62.088607594936704,46.21278673721067
12/8/2023,0.0,,-0.28625,0.0,,0.0,,0.0,,0.080645161,0.0,0.086021505,-0.34875,,31.93378118308398,63.291139240506325,24.19472915127688
12/8/2024,0.0,,,0.0,,0.0,,0.0,,0.0,,0.0,,,,,
12/9/2023,0.0,,0.2,0.064516129,0.0,0.0,,0.0,,0.0,,0.032258065,0.333333333,,71.20921304077129,,66.9106881306526
12/9/2024,0.0,,0.063703704,0.032258065,0.0,0.064516129,0.0575,0.483870968,0.104,0.129032258,-0.05,0.483870968,0.096888889,55.468277959073035,57.59436981097672,60.12658227848101,54.93736784483904
13/01/2024,0.0,,,0.0,,0.0,,0.0,,0.0,,0.0,,,,,
13/01/2025,0.0,,-0.006118056,0.032258065,0.0,0.096774194,0.026666667,0.64516129,-0.02,0.016129032,0.19,0.64516129,-0.023333333,45.16616315856007,50.671785048242526,75.31645569620252,48.80368468591293
13/02/2024,0.0,,,0.0,,0.0,,0.0,,0.0,,0.0,,,,,
13/02/2025,0.0,,0.030454545,0.0,,0.0,,0.709677419,0.097727273,0.064516129,0.1425,0.709677419,-0.000303,54.94712994563532,51.9979078702487,72.31012658227847,52.01650468403134
13/03/2024,0.0,,0.092097222,0.193548387,0.2725,0.225806452,-0.072142857,0.35483871,0.026363636,0.016129032,0.39,0.35483871,0.147272727,49.01812687340843,60.4955505030693,87.9746835443038,57.4316739634368
13/03/2025,0.0,,-0.098958333,0.0,,0.0,,0.129032258,-0.2325,0.0,,0.129032258,-0.081666667,27.51132932703585,47.312859864611454,,40.647877047936824
13/04/2024,0.0,,-0.058055556,0.0,,0.0,,0.387096774,-0.24,0.032258065,0.19,0.387096774,-0.015,26.888217544746762,51.15163147836914,75.31645569620252,44.2410931805323
13/05/2024,0.440860215,-0.039880952,-0.022769097,0.258064516,0.085,0.258064516,0.0225,0.516129032,-0.234375,0.032258065,0.19,0.516129032,-0.039166667,27.355551381463577,49.76007675614589,75.31645569620252,47.34092852278716
13/06/2024,0.0,,,0.0,,0.0,,0.0,,0.0,,0.0,,,,,
13/07/2023,0.0,,0.0,0.0,,0.0,,0.0,,0.112903226,0.0,0.086021505,0.0,,52.015355087146006,63.291139240506325,49.34114202088367
13/07/2024,0.0,,0.005540123,0.0,,0.0,,0.580645161,-0.015555556,0.177419355,-0.0575,0.580645161,0.055740741,45.53541454817661,55.224994685307095,59.65189873417721,49.82782925339512
13/08/2023,0.0,,,0.0,,0.0,,0.0,,0.0,,0.0,,,,,
13/08/2024,0.0,,-0.021375,0.0,,0.0,,0.64516129,-0.0395,0.096774194,-0.033333333,0.64516129,-0.013833333,43.54607252460844,51.218810000467876,61.181434620253164,47.463396780402114
13/09/2023,0.0,,-0.00875,0.096774194,0.016666667,0.096774194,-0.018333333,0.0,,0.032258065,-0.1,0.043010753,0.0,,52.015355087146006,56.9620253164557,48.572474378581276
13/09/2024,0.0,,0.094934641,0.0,,0.0,,0.548387097,0.132352941,0.096774194,0.0,0.548387097,0.147254902,57.82388483902602,60.49452411151422,63.291139240506325,57.68093478320297
13/10/2023,0.0,,,0.0,,0.0,,0.0,,0.0,,0.0,,,,,
13/10/2024,0.0,,,0.0,,0.0,,0.0,,0.0,,0.0,,,,,
13/11/2023,0.0,,,0.0,,0.0,,0.0,,0.0,,0.0,,,,,
13/11/2024,0.0,,,0.0,,0.0,,0.0,,0.0,,0.0,,,,,
13/12/2023,0.0,,0.013571429,0.0,,0.0,,0.0,,0.064516129,0.063333333,0.075268817,0.0,,52.015355087146006,67.29957803797468,50.53336125883844
13/12/2024,0.0,,-0.013106725,0.161290323,-0.02,0.0,,0.580645161,-0.176666667,0.064516129,0.1675,0.580645161,-0.00037,32.150050345271886,51.99404990479618,73.89240506329114,48.189745974705865
14/01/2024,0.0,,,0.0,,0.0,,0.0,,0.0,,0.0,,,,,
14/01/2025,0.0,,,0.0,,0.0,,0.0,,0.0,,0.0,,,,,
14/02/2024,0.605263158,0.0,-0.033490338,0.131578947,0.383,0.131578947,-0.107,0.473684211,-0.14,0.25,-0.29,0.473684211,-0.052777778,35.19637464193463,48.97632756198706,44.93670886075949,46.39909183226993
14/02/2025,0.0,,,0.0,,0.0,,0.0,,0.0,,0.0,,,,,
14/03/2024,0.0,,0.049924242,0.0,,0.0,,0.35483871,0.011818182,0.016129032,-0.19,0.35483871,0.108181818,47.80966770458922,58.24463443694612,51.26582278481012,53.72687337995499
14/04/2024,0.0,,-0.031503268,0.0,,0.0,,0.447368421,-0.030588235,0.210526316,-0.58,0.447368421,0.150980392,44.28647596094065,60.70904368933168,26.58227848101266,46.573651422211626
14/05/2024,0.0,,-0.113782051,0.0,,0.0,,0.419354839,-0.315384615,0.064516129,-0.385,0.419354839,-0.065641026,20.62514530343651,48.23564149644362,38.92405063291139,39.34564706334076
14/06/2024,0.0,,,0.0,,0.0,,0.0,,0.0,,0.0,,,,,
14/07/2023,0.0,,0.035,0.0,,0.0,,0.0,,0.032258065,0.0,0.064516129,0.035,,54.03071017429202,63.291139240506325,52.41581259009324
14/07/2024,0.0,,,0.0,,0.0,,0.0,,0.0,,0.0,,,,,
14/08/2023,0.0,,,0.0,,0.0,,0.0,,0.0,,0.0,,,,,
14/08/2024,0.0,,-0.014794239,0.0,,0.0,,0.710526316,-0.013333333,0.263157895,0.029,0.710526316,-0.027901235,45.72004032606646,50.40875806157725,65.12658227848101,48.04150169953646
14/09/2023,0.0,,0.0,0.064516129,0.0,0.048387097,0.0,0.0,,0.0,,0.053763441,0.0,,52.015355087146006,,49.34114202088367
14/09/2024,0.0,,,0.0,,0.0,,0.0,,0.0,,0.0,,,,,
14/10/2023,0.0,,,0.0,,0.0,,0.0,,0.0,,0.0,,,,,
14/10/2024,0.0,,-0.099285714,0.032258065,-0.19,0.0,,0.225806452,-0.091428571,0.032258065,-0.39,0.225806452,-0.15,39.2317652676037,43.37811899937739,38.60759493670886,40.61911737006202
14/11/2023,0.0,,-0.0245,0.096774194,0.16,0.096774194,-0.21,0.0,,0.064516129,-0.095,0.043010753,0.0,,52.015355087146006,57.27848101265822,47.188872622436975
14/11/2024,0.0,,,0.0,,0.0,,0.0,,0.0,,0.0,,,,,
14/12/2023,0.0,,0.076666667,0.0,,0.0,,0.0,,0.080645161,0.126666667,0.096774194,0.111111111,,58.41330773835443,71.30801689873418,56.076134725577674
14/12/2024,0.0,,0.012352941,0.0,,0.0,,0.548387097,-0.047058824,0.064516129,0.2925,0.548387097,0.03,42.91807355198849,53.74280230469973,81.80379746835442,50.42631985333744
15/01/2024,0.0,,0.089,0.290322581,0.089,0.0,,0.0,,0.0,,0.0,,,,,57.159590039730844
15/01/2025,0.0,,-0.116799242,0.322580645,0.014545455,0.0,,0.64516129,-0.264,0.064516129,0.063333333,0.64516129,-0.2795,24.894259841421672,35.92130517693715,67.29957803797468,39.080593681358366
15/02/2024,0.0,,0.083076923,0.0,,0.0,,0.419354839,0.065384615,0.032258065,0.0,0.419354839,0.13,52.260051109589114,59.500959696545465,63.291139240506325,56.63926116741479
15/02/2025,0.0,,,0.0,,0.0,,0.0,,0.0,,0.0,,,,,
15/03/2024,0.0,,0.131489899,0.0,,0.0,,0.35483871,0.119090909,0.048387097,0.095,0.35483871,0.179393939,56.72205438618669,62.34514044619775,69.30379746835442,60.89223123813047
15/04/2024,0.0,,,0.0,,0.0,,0.0,,0.0,,0.0,,,,,
15/05/2024,0.0,,,0.0,,0.0,,0.0,,0.0,,0.0,,,,,
15/06/2024,0.0,,,0.0,,0.0,,0.0,,0.0,,0.0,,,,,
15/07/2023,0.0,,-0.09875,0.0,,0.0,,0.0,,0.032258065,0.0,0.086021505,-0.09875,,46.329174662698335,63.291139240506325,40.666178629185254
15/07/2024,0.0,,0.065604167,0.0,,0.161290323,0.181,0.64516129,0.0075,0.129032258,-0.01125,0.64516129,0.145833333,47.45090636028673,60.412667931060525,62.57911392405063,55.10431920638108
15/08/2023,0.0,,0.0425,0.0,,0.0,,0.0,,0.048387097,-0.575,0.107526882,0.1,,57.77351247899175,26.89873417721519,53.07467056920957
15/08/2024,0.0,,,0.0,,0.0,,0.0,,0.0,,0.0,,,,,
15/09/2023,0.0,,-0.081666667,0.064516129,0.0,0.064516129,-0.0125,0.0,,0.096774194,0.0,0.11827957,-0.108181818,,45.7860757373459,63.291139240506325,42.16691066344544
15/09/2024,0.0,,,0.0,,0.0,,0.0,,0.0,,0.0,,,,,
15/10/2023,0.0,,,0.0,,0.0,,0.0,,0.0,,0.0,,,,,
15/10/2024,0.0,,0.063,0.0,,0.0,,0.161290323,0.136,0.064516129,0.0,0.161290323,0.053333333,58.126888230173144,55.08637234360321,63.291139240506325,54.87554904546089
15/11/2023,0.0,,-0.04875,0.0,,0.0,,0.0,,0.064516129,-0.195,0.043010753,0.0,,52.015355087146006,50.94936708860759,45.058565156627495
15/11/2024,0.0,,,0.0,,0.0,,0.0,,0.0,,0.0,,,,,
15/12/2023,0.0,,-0.104090909,0.0,,0.0,,0.0,,0.032258065,0.19,0.11827957,-0.112727273,,45.52434128427038,75.31645569620252,40.19699189446736
15/12/2024,0.0,,,0.0,,0.0,,0.0,,0.0,,0.0,,,,,
16/01/2024,0.0,,,0.0,,0.0,,0.0,,0.0,,0.0,,,,,
16/01/2025,0.0,,-0.252291667,0.0,,0.0,,0.129032258,-0.2625,0.0,,0.129032258,-0.373333333,25.01888219787949,30.518234176782432,,27.17789163854882
16/02/2024,0.0,,0.142799145,0.0,,0.0,,0.419354839,0.114615385,0.032258065,0.19,0.419354839,0.225128205,56.350220821344344,64.97859146448315,75.31645569620252,61.88572283344907
16/02/2025,0.0,,,0.0,,0.0,,0.0,,0.0,,0.0,,,,,
16/03/2024,0.0,,0.1525,0.0,,0.0,,0.35483871,-0.009090909,0.016129032,0.0,0.35483871,0.288787879,46.07250757671525,68.64421568853905,63.291139240506325,62.73792092958248
16/04/2024,0.0,,,0.0,,0.0,,0.0,,0.0,,0.0,,,,,
16/05/2024,0.0,,,0.0,,0.0,,0.0,,0.0,,0.0,,,,,
16/06/2024,0.0,,,0.0,,0.0,,0.0,,0.0,,0.0,,,,,
16/07/2023,0.0,,,0.0,,0.0,,0.0,,0.0,,0.0,,,,,
16/07/2024,0.0,,-0.007330247,0.0,,0.0,,0.580645161,0.008888889,0.129032258,-0.04875,0.580645161,-0.041481481,47.5662974403123,49.62678612269741,60.20569620253164,48.697196457571195
16/08/2023,0.0,,-0.0595,0.0,,0.0,,0.0,,0.129032258,-0.0475,0.107526882,-0.1,,46.25719769530027,60.28481012658228,44.114202053227416
16/08/2024,0.0,,0.073128655,0.0,,0.032258065,0.45,0.612903226,-0.041578947,0.161290323,0.252,0.612903226,0.12122807,43.373350341881164,58.99585816084293,79.24050632911393,55.76532840072309
16/09/2023,0.0,,0.006428571,0.0,,0.0,,0.0,,0.064516129,0.095,0.150537634,0.027857143,,53.619413225957544,69.30379746835442,49.90587739390579
16/09/2024,0.698924731,-0.193863636,-0.155461353,0.258064516,-0.089375,0.258064516,0.015625,0.64516129,-0.2195,0.129032258,-0.24,0.64516129,-0.1175,28.59138974967027,45.24952015172726,48.10126582278481,35.68421497178085
16/10/2023,0.0,,0.2,0.0,,0.0,,0.0,,0.032258065,0.0,0.053763441,0.2,,63.53166987083748,63.291139240506325,66.9106881306526
16/10/2024,0.0,,,0.0,,0.0,,0.0,,0.0,,0.0,,,,,
16/11/2023,0.0,,0.25,0.0,,0.0,,0.0,,0.032258065,0.0,0.043010753,0.25,,66.41074856676036,63.291139240506325,71.30307465809483
16/11/2024,0.0,,,0.0,,0.0,,0.0,,0.0,,0.0,,,,,
16/12/2023,0.0,,,0.0,,0.0,,0.0,,0.0,,0.0,,,,,
16/12/2024,0.0,,,0.0,,0.0,,0.0,,0.0,,0.0,,,,,
17/01/2024,0.0,,0.095416667,0.0,,0.0,,0.193548387,-0.108333333,0.032258065,0.0,0.193548387,0.238333333,37.827291083737975,65.73896351851782,63.291139240506325,57.7232796733685
17/01/2025,0.580645161,-0.048947368,-0.075505556,0.0,,0.0,,0.64516129,-0.0515,0.064516129,-0.0975,0.64516129,-0.0995,42.549093672945894,46.28598848225949,57.12025316455696,42.70815028245497
17/02/2024,0.0,,,0.0,,0.0,,0.0,,0.0,,0.0,,,,,
17/02/2025,0.0,,0.022119565,0.064516129,0.0,0.483870968,0.118666667,0.677419355,-0.021428571,0.096774194,0.096666667,0.677419355,-0.063968254,45.04747523563521,48.331962341010346,69.40928272151898,51.28429560686133
17/03/2024,0.0,,,0.0,,0.0,,0.0,,0.0,,0.0,,,,,
17/04/2024,0.631578947,-0.206527778,-0.112157407,0.210526316,0.164375,0.210526316,-0.06375,0.394736842,-0.240666667,0.210526316,-0.19,0.394736842,-0.046666667,26.83282980307165,49.32821495175747,51.26582278481012,39.48836835169057
17/05/2024,0.0,,-0.035903846,0.290322581,0.227222222,0.290322581,-0.123333333,0.419354839,-0.066153846,0.048387097,-0.19,0.419354839,-0.058717949,41.331629126485915,48.63428316646229,51.26582278481012,46.18707063180846
17/06/2024,0.0,,,0.0,,0.0,,0.0,,0.0,,0.0,,,,,
17/07/2023,0.0,,0.0,0.0,,0.0,,0.0,,0.064516129,0.0,0.107526882,0.0,,52.015355087146006,63.291139240506325,49.34114202088367
17/07/2024,0.0,,-0.106739766,0.0,,0.0,,0.612903226,-0.142105263,0.241935484,-0.12125,0.612903226,-0.12754386,35.021466084585654,44.67117888471061,55.61708860759494,39.96429581846893
17/08/2023,0.0,,-0.210555556,0.0,,0.0,,0.0,,0.263157895,0.0,0.157894737,-0.432777778,,27.09532947297325,63.291139240506325,30.844314271833497
17/08/2024,0.0,,0.078317901,0.0,,0.0,,0.580645161,0.087777778,0.096774194,0.063333333,0.580645161,0.107592593,54.12051027065845,58.210705934054005,67.29957803797468,56.22119188508277
17/09/2023,0.0,,,0.0,,0.0,,0.0,,0.0,,0.0,,,,,
17/09/2024,0.0,,-0.040984848,0.0,,0.016129032,0.0,0.709677419,-0.129090909,0.161290323,0.039,0.709677419,-0.008333333,36.10271906008982,51.53550865701938,65.75949367088607,45.74071613719431
17/10/2023,0.0,,0.142857143,0.032258065,0.0,0.0,,0.0,,0.032258065,0.0,0.064516129,0.166666667,,61.61228409274943,63.291139240506325,61.890817826125435
17/10/2024,0.0,,0.013555556,0.129032258,-0.0125,0.129032258,0.27,0.709677419,-0.076818182,0.080645161,0.0,0.709677419,-0.00969697,40.44561933823395,51.45698829230594,63.291139240506325,50.53196685181145
17/11/2023,0.0,,,0.0,,0.0,,0.0,,0.0,,0.0,,,,,
17/11/2024,0.0,,,0.0,,0.0,,0.0,,0.0,,0.0,,,,,
17/12/2023,0.0,,0.026805556,0.193548387,0.025,0.0,,0.451612903,0.0,0.112903226,-0.34,0.451612903,0.14452381,46.82779457799764,60.337263535638094,41.77215189873417,51.695949281583644
17/12/2024,0.0,,-0.044166667,0.258064516,0.023125,0.241935484,0.0375,0.64516129,-0.1335,0.048387097,-0.095,0.64516129,-0.113666667,35.73640485325184,45.47024949922082,57.27848101265822,45.46120055902711
18/01/2024,0.0,,0.055378788,0.0,,0.0,,0.35483871,-0.126363636,0.032258065,0.0,0.35483871,0.187272727,36.329305185399,62.798813459807604,63.291139240506325,54.20604286722926
18/01/2025,0.0,,-0.034703704,0.0,,0.0,,0.789473684,-0.016,0.263157895,-0.195,0.789473684,-0.012111111,45.498489442447585,51.31797825386486,50.94936708860759,46.29250038284481
18/02/2024,0.0,,,0.0,,0.0,,0.0,,0.0,,0.0,,,,,
18/02/2025,0.0,,-0.055505051,0.0,,0.0,,0.709677419,-0.096818182,0.064516129,0.095,0.709677419,-0.062727273,38.78398791879638,48.40341998019325,69.30379746835442,44.46514925653579
18/03/2024,0.0,,,0.0,,0.0,,0.0,,0.0,,0.0,,,,,
18/04/2024,0.0,,-0.213558201,0.0,,0.0,,0.552631579,-0.148095238,0.276315789,-0.800909091,0.552631579,-0.099365079,34.52380955150338,46.29375744579414,12.600690443037976,30.58053872293966
18/05/2024,0.279569892,0.103333333,0.011495726,0.0,,0.096774194,-0.103333333,0.35483871,-0.021818182,0.080645161,-0.063333333,0.35483871,-0.015151515,45.015105741687286,51.14290700619689,59.282700443037974,50.35101546099502
18/06/2024,0.0,,,0.0,,0.0,,0.0,,0.0,,0.0,,,,,
18/07/2023,0.0,,-0.063888889,0.0,,0.0,,0.0,,0.032258065,0.19,0.096774194,-0.074444444,,47.72872683214154,75.31645569620252,43.72864811494662
18/07/2024,0.0,,-0.066450617,0.0,,0.0,,0.580645161,-0.118888889,0.177419355,-0.028571429,0.580645161,-0.086851852,36.95031890877634,47.01428875125308,61.48282094936709,43.50360612386319
18/08/2023,0.0,,-0.122222222,0.0,,0.0,,0.0,,0.032258065,0.0,0.096774194,-0.122222222,,44.97760717657489,63.291139240506325,38.6041971955466
18/08/2024,0.0,,,0.0,,0.0,,0.0,,0.0,,0.0,,,,,
18/09/2023,0.0,,,0.0,,0.0,,0.0,,0.0,,0.0,,,,,
18/09/2024,0.0,,,0.0,,0.0,,0.0,,0.0,,0.0,,,,,
18/10/2023,0.0,,-0.060416667,0.161290323,-0.096,0.096774194,-0.041666667,0.0,,0.032258065,0.0,0.096774194,-0.111111111,,45.61740243593758,63.291139240506325,44.03367493760839
18/10/2024,0.0,,0.022361111,0.0,,0.0,,0.709677419,0.035454545,0.064516129,0.095,0.709677419,0.033181818,49.77341387469082,53.9260163930618,69.30379746835442,51.30551487478448
18/11/2023,0.0,,,0.0,,0.0,,0.0,,0.0,,0.0,,,,,
18/11/2024,0.0,,0.041540404,0.032258065,0.0,0.0,,0.322580645,-0.011,0.032258065,0.0,0.322580645,0.091666667,45.91389729730698,57.293666048865134,63.291139240506325,52.99037223836582
18/12/2023,0.0,,0.063560606,0.0,,0.0,,0.35483871,0.181818182,0.161290323,-0.296,0.35483871,0.176363636,61.93353476980861,62.17065083000792,44.55696202531645,54.92479701029295
18/12/2024,0.0,,-0.015784314,0.0,,0.0,,0.548387097,0.053529412,0.032258065,0.19,0.548387097,-0.067647059,51.27510222015859,48.12013095897125,75.31645569620252,47.95452585771331
19/01/2024,0.0,,0.05702381,0.0,,0.0,,0.225806452,-0.067142857,0.0,,0.225806452,0.147619048,41.249460538897445,60.51549221133031,,54.350554316632184
19/01/2025,0.0,,-0.038085317,0.0,,0.0,,0.736842105,-0.065714286,0.263157895,-0.058,0.736842105,-0.051309524,41.368148461822315,49.060871938219144,59.62025316455696,45.99543335520034
19/02/2024,0.0,,,0.0,,0.0,,0.0,,0.0,,0.0,,,,,
19/02/2025,0.0,,,0.0,,0.0,,0.0,,0.0,,0.0,,,,,
19/03/2024,0.0,,-0.017166667,0.210526316,0.0,0.210526316,0.0,0.263157895,-0.03,0.210526316,0.0,0.263157895,-0.019333333,44.33534744884128,50.90211134391636,63.291139240506325,47.83308928384592
19/04/2024,0.0,,0.136944444,0.0,,0.0,,0.322580645,0.066,0.032258065,0.0,0.322580645,0.252,52.311178262141645,66.52591171459727,63.291139240506325,61.37140063755702
19/05/2024,0.0,,,0.0,,0.0,,0.0,,0.0,,0.0,,,,,
19/06/2024,0.0,,,0.0,,0.0,,0.0,,0.0,,0.0,,,,,
19/07/2023,0.0,,0.0,0.0,,0.0,,0.0,,0.0,,0.064516129,0.0,,52.015355087146006,,49.34114202088367
19/07/2024,0.0,,0.039619883,0.0,,0.0,,0.612903226,-0.033157895,0.241935484,0.073125,0.612903226,0.082982456,44.07298457127705,56.79361551124514,67.91930379746836,52.821658827044416
19/08/2023,0.0,,0.045,0.0,,0.0,,0.0,,0.048387097,-0.05,0.107526882,0.0,,52.015355087146006,60.12658227848101,53.294289895581684
19/08/2024,0.0,,,0.0,,0.0,,0.0,,0.0,,0.0,,,,,
19/09/2023,0.0,,-0.035666667,0.193548387,0.235833333,0.193548387,-0.1325,0.0,,0.032258065,0.0,0.107526882,-0.167,,42.39923224276361,63.291139240506325,46.2079062686923
19/09/2024,0.0,,0.039805556,0.0,,0.0,,0.64516129,-0.02,0.096774194,0.13,0.64516129,0.088,45.16616315856007,57.082533591970254,71.51898734177215,52.837969778718616
19/10/2023,0.0,,0.027962963,0.032258065,0.885,0.032258065,-0.13,0.0,,0.032258065,0.0,0.096774194,0.0,,52.015355087146006,63.291139240506325,51.797624859854984
19/10/2024,0.0,,0.078981481,0.0,,0.0,,0.677419355,0.128571429,0.080645161,0.063333333,0.677419355,0.107936508,57.50971088141701,58.23050910104818,67.29957803797468,56.27948588212036
19/11/2023,0.0,,,0.0,,0.0,,0.0,,0.0,,0.0,,,,,
19/11/2024,0.0,,-0.0254,0.064516129,-0.145,0.032258065,0.0,0.451612903,-0.057857143,0.064516129,0.095,0.451612903,0.003571429,42.02093224561301,52.22100359010402,69.30379746835442,47.109809664943015
19/12/2023,0.0,,,0.0,,0.0,,0.0,,0.0,,0.0,,,,,
19/12/2024,0.0,,,0.0,,0.0,,0.0,,0.0,,0.0,,,,,
2/1/2024,0.0,,-0.012901235,0.0,,0.0,,0.473684211,-0.098888889,0.236842105,-0.684444444,0.473684211,0.293703704,38.611950328213915,68.92727662914673,19.97187063291139,48.20779780485635
2/1/2025,0.602150538,-0.016842105,-0.052536232,0.0,,0.0,,0.741935484,-0.163043478,0.016129032,0.19,0.741935484,-0.070869565,33.28188628903871,47.93457399152958,75.31645569620252,44.72595326809608
2/10/2023,0.0,,,0.0,,0.0,,0.0,,0.0,,0.0,,,,,
2/10/2024,0.0,,0.060350877,0.0,,0.0,,0.612903226,-0.038947368,0.14516129,-0.01,0.612903226,0.140701754,43.59198605933777,60.11718353555361,62.65822784810127,54.642829601966135
2/11/2023,0.0,,,0.0,,0.0,,0.0,,0.0,,0.0,,,,,
2/11/2024,0.0,,0.002936508,0.0,,0.032258065,0.105,0.677419355,-0.086190476,0.064516129,0.0,0.677419355,0.045555556,39.66695442910364,54.638515702356436,63.291139240506325,49.5991075844222
2/12/2023,0.0,,0.1,0.0,,0.0,,0.0,,0.080645161,0.0,0.086021505,0.1,,57.77351247899175,63.291139240506325,58.125915075768134
2/12/2024,0.537634409,-0.142592593,-0.024421717,0.322580645,0.1465,0.0,,0.677419355,-0.036666667,0.193548387,-0.080833333,0.677419355,-0.018412698,43.781470281334904,50.95512295622077,58.17510550632912,47.19574960632754
2/2/2024,0.0,,-0.029451754,0.105263158,0.34875,0.105263158,0.04125,0.473684211,-0.113888889,0.210526316,-0.77,0.473684211,0.196111111,37.365726763635735,63.30774152142331,14.556962025316453,46.753872271300814
2/2/2025,0.0,,-0.023346561,0.0,,0.0,,0.677419355,-0.049047619,0.032258065,-0.19,0.677419355,-0.025555556,42.75284133904748,50.54382595030472,51.26582278481012,47.290199620913505
2/3/2024,0.0,,,0.0,,0.0,,0.0,,0.0,,0.0,,,,,
2/3/2025,0.0,,,0.0,,0.0,,0.0,,0.0,,0.0,,,,,
2/4/2024,0.0,,0.077222222,0.0,,0.0,,0.290322581,0.026666667,0.0,,0.290322581,0.141111111,49.0433031649416,60.14075495590816,,56.12493897152273
2/5/2024,0.0,,,0.0,,0.0,,0.0,,0.0,,0.0,,,,,
2/6/2024,0.0,,,0.0,,0.0,,0.0,,0.0,,0.0,,,,,
2/7/2023,0.0,,,0.0,,0.0,,0.0,,0.0,,0.0,,,,,
2/7/2024,0.0,,,0.0,,0.0,,0.0,,0.0,,0.0,,,,,
2/8/2023,0.0,,-0.225714286,0.0,,0.0,,0.0,,0.0,,0.075268817,-0.225714286,,39.01837124338517,,29.512654243330804
2/8/2024,0.0,,0.047460317,0.0,,0.0,,0.677419355,0.02952381,0.096774194,0.193333333,0.677419355,0.05,49.28067909387291,54.89443378306888,75.5274261392405,53.510423160462416
2/9/2023,0.0,,,0.0,,0.0,,0.0,,0.0,,0.0,,,,,
2/9/2024,0.0,,,0.0,,0.0,,0.0,,0.0,,0.0,,,,,
20/01/2024,0.0,,-0.027708333,0.0,,0.0,,0.258064516,-0.2125,0.0,,0.258064516,0.050833333,29.172960746473425,54.94241840880707,,46.90702784954201
20/01/2025,0.0,,,0.0,,0.0,,0.0,,0.0,,0.0,,,,,
20/02/2024,0.548387097,0.034901961,0.080490196,0.0,,0.0,,0.451612903,0.039285714,0.048387097,-0.095,0.451612903,0.22547619,50.09171341386958,64.99862898848315,57.27848101265822,56.41202307091536
20/02/2025,0.0,,0.005845411,0.0,,0.0,,0.741935484,-0.046956522,0.016129032,-0.39,0.741935484,0.038985507,42.92657296286207,54.26020194021505,38.60759493670886,49.85464811135893
20/03/2024,0.0,,0.098125,0.0,,0.0,,0.129032258,-0.0725,0.0,,0.129032258,0.2325,40.80438068253644,65.40307102318735,,57.96120058098906
20/04/2024,0.0,,,0.0,,0.0,,0.0,,0.0,,0.0,,,,,
20/05/2024,0.0,,,0.0,,0.0,,0.0,,0.0,,0.0,,,,,
20/06/2024,0.0,,,0.0,,0.0,,0.0,,0.0,,0.0,,,,,
20/07/2023,0.0,,-0.003125,0.0,,0.0,,0.0,,0.032258065,-0.05,0.086021505,0.0,,52.015355087146006,60.12658227848101,49.06661786291853
20/07/2024,0.0,,-0.012885802,0.0,,0.0,,0.580645161,-0.098333333,0.241935484,0.09,0.580645161,-0.029074074,38.65810679345677,50.34122414600431,68.9873417721519,48.20915355888191
20/08/2023,0.0,,,0.0,,0.0,,0.0,,0.0,,0.0,,,,,
20/08/2024,0.623655914,0.035083333,-0.034074074,0.35483871,0.042272727,0.35483871,0.063181818,0.580645161,-0.090555556,0.096774194,0.063333333,0.580645161,-0.127407407,39.30429672528572,44.679036063216515,67.29957803797468,46.34781194943028
20/09/2023,0.0,,-0.063125,0.0,,0.032258065,0.0,0.0,,0.032258065,0.19,0.086021505,-0.15,,43.37811899937739,75.31645569620252,43.79575402998785
20/09/2024,0.0,,0.006812169,0.0,,0.0,,0.677419355,-0.042857143,0.129032258,0.09625,0.677419355,0.017777778,43.26715581019119,53.039027525158936,69.38291139240505,49.93957560764887
20/10/2023,0.0,,-0.009545455,0.0,,0.0,,0.0,,0.064516129,0.095,0.11827957,-0.036363636,,49.921479692868125,69.30379746835442,48.502595462077544
20/10/2024,0.0,,,0.0,,0.0,,0.0,,0.0,,0.0,,,,,
20/11/2023,0.0,,0.0,0.0,,0.0,,0.0,,0.032258065,0.0,0.043010753,0.0,,52.015355087146006,63.291139240506325,49.34114202088367
20/11/2024,0.0,,,0.0,,0.0,,0.0,,0.0,,0.0,,,,,
20/12/2023,0.0,,,0.0,,0.0,,0.0,,0.0,,0.0,,,,,
20/12/2024,0.075268817,-0.381428571,0.026587719,0.258064516,0.03625,0.0,,0.612903226,0.040526316,0.064516129,-0.025,0.612903226,0.114385965,50.19478457698043,58.601878986027586,61.70886075949367,51.67681279550407
21/01/2024,0.0,,-0.104635417,0.0,,0.0,,0.421052632,-0.326875,0.210526316,-0.48,0.421052632,0.038333333,19.670506066564798,54.22264873482635,32.91139240506329,40.149158102401664
21/01/2025,0.0,,-0.167880824,0.307692308,-0.127916667,0.0,,0.769230769,-0.381,0.397435897,-0.17,0.769230769,-0.167777778,15.173716037711865,42.35444656136446,52.531645569620245,34.59319262981365
21/02/2024,0.0,,0.099444444,0.0,,0.0,,0.387096774,0.058333333,0.032258065,0.19,0.387096774,0.171388889,51.67421952366338,61.884197067901795,75.31645569620252,58.07711074197533
21/02/2025,0.0,,-0.001466667,0.0,,0.0,,0.806451613,0.0112,0.0,,0.806451613,-0.008533333,47.758308172882685,51.523992342235694,,49.21229865346279
21/03/2024,0.0,,0.200833333,0.0,,0.0,,0.129032258,0.205,0.032258065,0.0,0.129032258,0.299166667,63.85951662723277,69.24184263694504,63.291139240506325,66.98389454349406
21/04/2024,0.0,,-0.154548611,0.258064516,0.186875,0.0,,0.35483871,-0.563636364,0.129032258,-0.0475,0.35483871,-0.382121212,0.0,30.012214272557475,60.28481012658228,35.764397285057456
21/05/2024,0.0,,,0.0,,0.0,,0.0,,0.0,,0.0,,,,,
21/06/2024,0.0,,,0.0,,0.0,,0.0,,0.0,,0.0,,,,,
21/07/2023,0.0,,-0.013333333,0.0,,0.0,,0.0,,0.210526316,-0.05,0.131578947,0.0,,52.015355087146006,60.12658227848101,48.16983897618166
21/07/2024,0.0,,,0.0,,0.0,,0.0,,0.0,,0.0,,,,,
21/08/2023,0.0,,,0.0,,0.0,,0.0,,0.0,,0.0,,,,,
21/08/2024,0.0,,-0.028875,0.0,,0.0,,0.64516129,-0.1025,0.161290323,0.02,0.64516129,-0.0155,38.311933553380086,51.12284069140992,64.55696202531645,46.80453880128578
21/09/2023,0.0,,0.0045,0.0,,0.0,,0.0,,0.064516129,0.095,0.107526882,-0.01,,51.43953934796143,69.30379746835442,49.736456808353466
21/09/2024,0.0,,,0.0,,0.0,,0.0,,0.0,,0.0,,,,,
21/10/2023,0.0,,,0.0,,0.0,,0.0,,0.0,,0.0,,,,,
21/10/2024,0.0,,,0.0,,0.0,,0.0,,0.0,,0.0,,,,,
21/11/2023,0.0,,0.13125,0.032258065,-0.045,0.0,,0.0,,0.064516129,0.095,0.075268817,0.142857143,,60.24129422658015,69.30379746835442,60.87115665541953
21/11/2024,0.0,,0.065401235,0.0,,0.0,,0.580645161,0.061111111,0.064516129,0.095,0.580645161,0.097407407,51.9050016837145,57.624226893521765,69.30379746835442,55.08649209072535
21/12/2023,0.0,,-0.028470679,0.131578947,0.184,0.131578947,0.061,0.447368421,-0.003529412,0.25,-0.807,0.447368421,0.275294118,46.534565484430644,67.86722369207953,12.215189873417717,46.84005748354902
21/12/2024,0.0,,-0.019027778,0.0,,0.0,,0.64516129,-0.052,0.048387097,0.0,0.64516129,-0.0165,42.50755288745995,51.06525911749146,63.291139240506325,47.66959490619643
22/01/2024,0.0,,0.138333333,0.0,,0.0,,0.225806452,0.0,0.0,,0.225806452,0.276666667,46.82779457799764,67.94625722377975,,61.49341138419126
22/01/2025,0.0,,,0.0,,0.0,,0.0,,0.0,,0.0,,,,,
22/02/2024,0.0,,0.083449074,0.0,,0.0,,0.387096774,0.035,0.080645161,0.0,0.387096774,0.163333333,49.7356495620134,61.42034547463352,63.291139240506325,56.67195378818627
22/02/2025,0.0,,-0.153333333,0.0,,0.0,,0.032258065,0.28,0.0,,0.032258065,-0.446666667,70.09063445012367,26.295585384374498,,35.8711566993434
22/03/2024,0.0,,,0.0,,0.0,,0.0,,0.0,,0.0,,,,,
22/04/2024,0.365591398,-0.256805556,-0.130779915,0.0,,0.0,,0.322580645,-0.251,0.032258065,0.095,0.322580645,0.04,25.974320264056093,54.31861804388431,69.30379746835442,37.85242328676286
22/05/2024,0.0,,,0.0,,0.0,,0.0,,0.0,,0.0,,,,,
22/06/2024,0.0,,,0.0,,0.0,,0.0,,0.0,,0.0,,,,,
22/07/2023,0.0,,0.0,0.0,,0.0,,0.0,,0.0,,0.053763441,0.0,,52.015355087146006,,49.34114202088367
22/07/2024,0.0,,0.075,0.0,,0.0,,0.64516129,0.0655,0.080645161,0.0,0.64516129,0.110666667,52.2696374766557,58.38771595331582,63.291139240506325,55.92972181204702
22/08/2023,0.0,,-0.037222222,0.0,,0.0,,0.0,,0.032258065,0.19,0.096774194,-0.047777778,,49.26423543157936,75.31645569620252,46.07125429219839
22/08/2024,0.0,,,0.0,,0.0,,0.0,,0.0,,0.0,,,,,
22/09/2023,0.0,,0.0095,0.0,,0.0,,0.0,,0.064516129,0.095,0.107526882,0.0,,52.015355087146006,69.30379746835442,50.17569546109769
22/09/2024,0.104166667,-0.387,-0.16088285,0.28125,-0.075555556,0.0,,0.6875,-0.180454545,0.21875,-0.274285714,0.6875,-0.253333333,31.835347490382066,37.42802304699732,45.93128392405063,35.20794876415347
22/10/2023,0.0,,,0.0,,0.0,,0.0,,0.0,,0.0,,,,,
22/10/2024,0.709677419,-0.09442029,-0.079269676,0.322580645,-0.102,0.322580645,-0.0425,0.774193548,-0.097083333,0.177419355,0.085,0.774193548,-0.184305556,38.76195875717162,41.40275109074961,68.67088607594937,42.37748088294145
22/11/2023,0.0,,0.1,0.096774194,0.063333333,0.032258065,0.11,0.0,,0.032258065,0.0,0.096774194,0.111111111,,58.41330773835443,63.291139240506325,58.125915075768134
22/11/2024,0.0,,-0.050679012,0.0,,0.0,,0.710526316,-0.174814815,0.236842105,-0.494444444,0.710526316,0.088395062,32.30390511863931,57.10528188372563,31.997187088607593,44.889105830226
22/12/2023,0.0,,0.040472222,0.0,,0.0,,0.322580645,-0.093,0.080645161,-0.193333333,0.322580645,0.170333333,39.10120847761293,61.823416492062734,51.05485234177215,52.896534873852694
22/12/2024,0.0,,,0.0,,0.0,,0.0,,0.0,,0.0,,,,,
23/01/2024,0.0,,,0.0,,0.0,,0.0,,0.0,,0.0,,,,,
23/01/2025,0.107526882,-0.099,-0.081997354,0.0,,0.0,,0.677419355,-0.14952381,0.080645161,0.0,0.677419355,-0.122380952,34.40512154549694,44.968467253346816,63.291139240506325,42.13786056097344
23/02/2024,0.0,,0.117371795,0.0,,0.0,,0.419354839,0.03,0.064516129,0.126666667,0.419354839,0.216410256,49.32024170715401,64.4765982397223,71.30801689873418,59.651987842077915
23/02/2025,0.129032258,-0.735833333,-0.246134058,0.35483871,-0.080454545,0.064516129,-0.2375,0.741935484,-0.288695652,0.048387097,-0.5,0.741935484,-0.332898551,22.84250627708685,32.84653256539214,31.645569620253163,27.718823614805967
23/03/2024,0.0,,,0.0,,0.0,,0.0,,0.0,,0.0,,,,,
23/04/2024,0.0,,,0.0,,0.0,,0.0,,0.0,,0.0,,,,,
23/05/2024,0.0,,,0.0,,0.0,,0.0,,0.0,,0.0,,,,,
23/06/2024,0.0,,,0.0,,0.0,,0.0,,0.0,,0.0,,,,,
23/07/2023,0.0,,,0.0,,0.0,,0.0,,0.0,,0.0,,,,,
23/07/2024,0.0,,0.011988304,0.0,,0.0,,0.612903226,-0.217368421,0.096774194,-0.015,0.612903226,0.102807018,28.768484681640942,57.935144993449185,62.34177215189873,50.3942873204133
23/08/2023,0.0,,0.131666667,0.0,,0.0,,0.0,,0.0,,0.064516129,0.131666667,,59.596929005603414,,60.907759905764124
23/08/2024,0.096774194,0.045555556,-0.024822531,0.258064516,-0.011875,0.032258065,0.0,0.580645161,-0.259444444,0.161290323,-0.056666667,0.580645161,-0.088148148,25.27274259055204,46.93964598730888,59.70464132911392,47.16053900605532
23/09/2023,0.0,,0.0095,0.0,,0.0,,0.0,,0.064516129,0.095,0.107526882,0.0,,52.015355087146006,69.30379746835442,50.17569546109769
23/09/2024,0.0,,-0.075069444,0.0,,0.0,,0.736842105,0.002857143,0.263157895,-0.751,0.736842105,0.012261905,47.06517050692895,52.72141487628461,15.759493670886075,42.746461731920085
23/10/2023,0.0,,-0.136698718,0.258064516,0.011875,0.258064516,0.03375,0.0,,0.064516129,0.19,0.086021505,-0.3225,,33.44529749844349,75.31645569620252,37.33246987564717
23/10/2024,0.0,,-0.025950292,0.0,,0.0,,0.612903226,0.049473684,0.129032258,-0.025,0.612903226,-0.070350877,50.93814596648394,47.9644408629422,61.70886075949367,47.06146776160383
23/11/2023,0.0,,0.033148148,0.026315789,0.885,0.026315789,-0.01,0.0,,0.263157895,0.029,0.157894737,0.017777778,,53.039027525158936,65.12658227848101,52.25313159458089
23/11/2024,0.0,,-0.054583333,0.0,,0.0,,0.064516129,-0.135,0.0,,0.064516129,-0.041666667,35.61178249679402,49.616122821349755,,44.546120091041814
23/12/2023,0.0,,0.062111111,0.0,,0.0,,0.322580645,0.172,0.048387097,-0.29,0.322580645,0.092666667,61.11782478516078,57.35124762278359,44.93670886075949,54.79746216410105
23/12/2024,0.0,,,0.0,,0.0,,0.0,,0.0,,0.0,,,,,
24/01/2024,0.0,,-0.022321429,0.105263158,0.3825,0.0,,0.368421053,-0.332142857,0.210526316,-0.29,0.368421053,0.145714286,19.232844231349592,60.405813017430255,44.93670886075949,47.3802551406265
24/01/2025,0.0,,0.055654762,0.0,,0.0,,0.451612903,0.029285714,0.0,,0.451612903,0.096666667,49.26089770415079,57.581573918457416,,54.23028655681975
24/02/2024,0.0,,0.212564103,0.0,,0.0,,0.419354839,0.187692308,0.032258065,0.19,0.419354839,0.332820513,62.42156638597537,71.17968405803443,75.31645569620252,68.01441606558453
24/02/2025,0.0,,-0.09384058,0.0,,0.0,,0.741935484,-0.053913043,0.032258065,0.0,0.741935484,-0.160144928,42.348614269683196,42.79395807784797,63.291139240506325,41.097460034496365
24/03/2024,0.0,,,0.0,,0.0,,0.0,,0.0,,0.0,,,,,
24/04/2024,0.0,,,0.0,,0.0,,0.0,,0.0,,0.0,,,,,
24/05/2024,0.0,,,0.0,,0.0,,0.0,,0.0,,0.0,,,,,
24/06/2024,0.0,,,0.0,,0.0,,0.0,,0.0,,0.0,,,,,
24/07/2023,0.0,,0.0,0.0,,0.0,,0.0,,0.0,,0.086021505,0.0,,52.015355087146006,,49.34114202088367
24/07/2024,0.0,,-0.021583333,0.0,,0.0,,0.322580645,-0.311,0.096774194,0.031666667,0.322580645,0.073333333,20.989426005743375,56.23800382197236,65.29535867088609,47.445095199153684
24/08/2023,0.0,,0.0,0.0,,0.0,,0.0,,0.0,,0.096774194,0.0,,52.015355087146006,,49.34114202088367
24/08/2024,0.0,,0.059938272,0.0,,0.0,,0.580645161,0.086666667,0.096774194,-0.0475,0.580645161,0.082037037,54.02819742325432,56.73917679721273,60.28481012658228,54.606583189103034
24/09/2023,0.0,,,0.0,,0.0,,0.0,,0.0,,0.0,,,,,
24/09/2024,0.0,,0.009318182,0.0,,0.0,,0.35483871,-0.009090909,0.096774194,0.096666667,0.35483871,0.006363636,46.07250757671525,52.38178326387016,69.40928272151898,50.15972316242476
24/10/2023,0.0,,-0.015,0.0,,0.0,,0.0,,0.064516129,0.05,0.107526882,-0.02,,50.86372360877686,66.45569620253164,48.023426062651
24/10/2024,0.0,,,0.0,,0.0,,0.0,,0.0,,0.0,,,,,
24/11/2023,0.0,,-0.013333333,0.0,,0.0,,0.0,,0.096774194,0.16,0.129032258,-0.033333333,,50.09596930905795,73.41772151898734,48.16983897618166
24/11/2024,0.0,,,0.0,,0.0,,0.0,,0.0,,0.0,,,,,
24/12/2023,0.0,,,0.0,,0.0,,0.0,,0.0,,0.0,,,,,
24/12/2024,0.569892473,0.090526316,-0.009963768,0.225806452,-0.107857143,0.225806452,-0.081428571,0.64516129,-0.077,0.016129032,0.0,0.64516129,-0.089333333,40.43051361316299,46.871401169624335,63.291139240506325,48.46584761436847
25/01/2024,0.0,,0.089611111,0.0,,0.0,,0.322580645,0.1,0.032258065,-0.19,0.322580645,0.149,55.13595167518551,60.595009600996164,51.26582278481012,57.21327475419427
25/01/2025,0.0,,,0.0,,0.0,,0.0,,0.0,,0.0,,,,,
25/02/2024,0.0,,,0.0,,0.0,,0.0,,0.0,,0.0,,,,,
25/02/2025,0.0,,,0.0,,0.0,,0.0,,0.0,,0.0,,,,,
25/03/2024,0.0,,0.576666667,0.0,,0.0,,0.032258065,0.64,0.0,,0.032258065,0.833333333,100.0,100.0,,100.0
25/04/2024,0.543859649,-0.130530303,-0.175558081,0.131578947,0.048,0.131578947,-0.2,0.447368421,0.088235294,0.223684211,-0.91,0.447368421,-0.074901961,54.15852141868322,47.70238228318709,5.696202531645567,33.91876302552342
25/05/2024,0.0,,,0.0,,0.0,,0.0,,0.0,,0.0,,,,,
25/06/2024,0.0,,,0.0,,0.0,,0.0,,0.0,,0.0,,,,,
25/07/2023,0.0,,0.0,0.0,,0.0,,0.0,,0.032258065,0.0,0.053763441,0.0,,52.015355087146006,63.291139240506325,49.34114202088367
25/07/2024,0.0,,-0.025672515,0.0,,0.0,,0.59375,-0.114210526,0.125,-0.0125,0.59375,-0.009298246,37.33900465639305,51.479947447785,62.5,47.08586984065249
25/08/2023,0.0,,,0.0,,0.0,,0.0,,0.0,,0.0,,,,,
25/08/2024,0.0,,,0.0,,0.0,,0.0,,0.0,,0.0,,,,,
25/09/2023,0.0,,-0.043974359,0.25,0.1975,0.0,,0.0,,0.125,-0.2425,0.125,-0.066666667,,48.17658347338832,47.94303797468354,45.4780943803935
25/09/2024,0.0,,,0.0,,0.0,,0.0,,0.0,,0.0,,,,,
25/10/2023,0.0,,0.0175,0.0,,0.0,,0.0,,0.032258065,0.0,0.129032258,0.0175,,53.023032630719,63.291139240506325,50.878477305488445
25/10/2024,0.086021505,-0.1025,-0.085006944,0.258064516,-0.01875,0.0,,0.580645161,-0.227777778,0.129032258,-0.12125,0.580645161,-0.100925926,27.90365894927382,46.203881418888244,55.61708860759494,41.87347490959094
25/11/2023,0.0,,,0.0,,0.0,,0.0,,0.0,,0.0,,,,,
25/11/2024,0.0,,,0.0,,0.0,,0.0,,0.0,,0.0,,,,,
25/12/2023,0.0,,-0.102160494,0.105263158,0.18,0.0,,0.473684211,0.067222222,0.223684211,-0.953333333,0.473684211,0.06462963,52.412722385978036,55.736830904313564,2.953586518987341,40.366574471234806
25/12/2024,0.0,,-0.010555556,0.0,,0.0,,0.64516129,-0.055,0.016129032,0.19,0.64516129,0.001833333,42.25830817454431,52.120921286802655,75.31645569620252,48.413860381602426
26/01/2024,0.0,,,0.0,,0.0,,0.0,,0.0,,0.0,,,,,
26/01/2025,0.0,,,0.0,,0.0,,0.0,,0.0,,0.0,,,,,
26/02/2024,0.0,,-0.156794872,0.193548387,0.1875,0.0,,0.419354839,-0.371538462,0.080645161,-0.13,0.419354839,-0.336923077,15.959795478561992,32.614794024036385,55.0632911392405,35.56706835398708
26/02/2025,0.0,,-0.068888889,0.0,,0.0,,0.064516129,0.04,0.032258065,0.0,0.064516129,-0.118333333,50.1510574168728,45.201535525989065,63.291139240506325,43.2894094622024
26/03/2024,0.0,,0.1795,0.032258065,0.53,0.032258065,-0.055,0.129032258,0.16,0.0,,0.129032258,0.25,60.12084593349824,66.41074856676036,,65.10980965440129
26/04/2024,0.0,,-0.297916667,0.0,,0.026315789,-0.2,0.447368421,-0.307647059,0.210526316,-1.0,0.447368421,-0.320980392,21.267993611399397,33.532798918822564,0.0,23.16983893225778
26/05/2024,0.0,,,0.0,,0.0,,0.0,,0.0,,0.0,,,,,
26/06/2024,0.0,,,0.0,,0.0,,0.0,,0.0,,0.0,,,,,
26/07/2023,0.0,,-0.03,0.0,,0.0,,0.0,,0.016129032,0.0,0.075268817,-0.03,,50.28790786959229,63.291139240506325,46.70571010441832
26/07/2024,0.0,,0.030555556,0.0,,0.0,,0.548387097,0.023529412,0.096774194,0.063333333,0.548387097,0.025490196,48.782655091002226,53.48312069231598,67.29957803797468,52.02537827114181
26/08/2023,0.0,,0.035606061,0.21875,0.069285714,0.0,,0.0,,0.0625,-0.39,0.104166667,0.138,,59.96161228789312,38.60759493670886,52.469053673517394
26/08/2024,0.0,,,0.0,,0.0,,0.0,,0.0,,0.0,,,,,
26/09/2023,0.0,,-0.108815789,0.0,,0.0,,0.0,,0.315789474,-0.25625,0.166666667,-0.055789474,,48.80290936614315,47.072784810126585,39.78192190935173
26/09/2024,0.701754386,0.056321839,0.016498208,0.157894737,0.031666667,0.131578947,-0.134,0.763157895,0.26137931,0.368421053,-0.463571429,0.763157895,0.047356322,68.54359827234332,54.742206642895276,33.95117537974684,50.79047215180646
26/10/2023,0.0,,0.090909091,0.0,,0.0,,0.0,,0.032258065,0.0,0.11827957,0.090909091,,57.250043630422276,63.291139240506325,57.327299351492066
26/10/2024,0.0,,-0.018017677,0.0,,0.0,,0.709677419,-0.068636364,0.096774194,0.098333333,0.709677419,-0.000455,41.12537763107994,51.989155471013106,69.51476791139241,47.758329986671555
26/11/2023,0.0,,,0.0,,0.0,,0.0,,0.0,,0.0,,,,,
26/11/2024,0.52688172,-0.011944444,-0.087222222,0.0,,0.0,,0.677419355,-0.214285714,0.064516129,-0.48,0.677419355,-0.038730159,29.024600822046953,49.785211573813896,32.91139240506329,41.678867764756156
26/12/2023,0.0,,-0.028444444,0.0,,0.0,,0.161290323,-0.212,0.064516129,-0.195,0.161290323,0.092666667,29.21450153195937,57.35124762278359,50.94936708860759,46.84236216875996
26/12/2024,0.0,,,0.0,,0.0,,0.0,,0.0,,0.0,,,,,
27/01/2024,0.0,,-0.066186869,0.161290323,0.287,0.0,,0.35483871,-0.074545455,0.129032258,-0.26875,0.35483871,-0.206666667,40.63444106778416,40.11516312480428,46.28164556962025,43.52677578709999
27/01/2025,0.0,,,0.0,,0.0,,0.0,,0.0,,0.0,,,,,
27/02/2024,0.548387097,-0.110980392,-0.051176471,0.0,,0.0,,0.322580645,0.053,0.032258065,0.19,0.322580645,0.013,51.23111783950722,52.76391554808595,75.31645569620252,44.8454051860349
27/02/2025,0.0,,-0.138912037,0.322580645,-0.11,0.306451613,-0.128,0.741935484,-0.191304348,0.032258065,0.0,0.741935484,-0.198405797,30.933928812406663,40.59083702134005,63.291139240506325,37.13803482451653
27/03/2024,0.0,,-0.024814815,0.129032258,-0.06125,0.0,,0.161290323,-0.124,0.0,,0.161290323,0.070666667,36.52567977748469,56.08445299657752,,47.16121683914424
27/04/2024,0.0,,,0.0,,0.0,,0.0,,0.0,,0.0,,,,,
27/05/2024,0.0,,,0.0,,0.0,,0.0,,0.0,,0.0,,,,,
27/06/2024,0.0,,,0.0,,0.0,,0.0,,0.0,,0.0,,,,,
27/07/2023,0.0,,-0.02,0.0,,0.0,,0.0,,0.032258065,0.05,0.075268817,-0.047142857,,49.30079518207324,66.45569620253164,47.584187409906775
27/07/2024,0.0,,-0.01872807,0.0,,0.0,,0.59375,-0.097368421,0.15625,0.038,0.59375,-0.013508772,38.738273198266384,51.23749873368042,65.69620253164557,47.69592357382377
27/08/2023,0.0,,,0.0,,0.0,,0.0,,0.0,,0.0,,,,,
27/08/2024,0.537634409,0.093055556,0.033526455,0.290322581,0.048333333,0.290322581,0.081666667,0.612903226,-0.017368421,0.129032258,0.116,0.612903226,0.044736842,45.384798876016674,54.59137286164736,70.63291139240506,52.28636500598163
27/09/2023,0.0,,,0.0,,0.0,,0.0,,0.0,,0.0,,,,,
27/09/2024,0.0,,0.092972222,0.0,,0.0,,0.64516129,0.1185,0.129032258,-0.07,0.64516129,0.151166667,56.67296073816528,60.71976969701335,58.86075949367088,57.50854072766703
27/10/2023,0.0,,0.052631579,0.0,,0.0,,0.0,,0.210526316,0.0,0.166666667,0.052631579,,55.04596424377964,63.291139240506325,53.964706791235905
27/10/2024,0.0,,,0.0,,0.0,,0.0,,0.0,,0.0,,,,,
27/11/2023,0.0,,,0.0,,0.0,,0.0,,0.0,,0.0,,,,,
27/11/2024,0.0,,-0.05854798,0.0,,0.0,,0.709677419,-0.147727273,0.096774194,-0.14,0.709677419,-0.03530303,34.55438066176605,49.982551055655485,54.43037974683544,44.19783484966452
27/12/2023,0.0,,,0.0,,0.0,,0.0,,0.0,,0.0,,,,,
27/12/2024,0.0,,,0.0,,0.0,,0.0,,0.0,,0.0,,,,,
28/01/2024,0.0,,,0.0,,0.0,,0.0,,0.0,,0.0,,,,,
28/01/2025,0.0,,,0.0,,0.0,,0.0,,0.0,,0.0,,,,,
28/02/2024,0.0,,,0.0,,0.0,,0.0,,0.0,,0.0,,,,,
28/02/2025,0.0,,0.019015152,0.0,,0.032258065,0.69,0.677419355,0.04952381,0.0,,0.677419355,-0.050634921,50.942310513310474,49.099716640729255,,51.011579970125
28/03/2024,0.0,,-0.015457516,0.0,,0.0,,0.447368421,-0.141764706,0.25,-0.727,0.447368421,0.444901961,35.04976009515113,77.63351024093417,17.27848101265823,47.98323432036121
28/04/2024,0.0,,,0.0,,0.0,,0.0,,0.0,,0.0,,,,,
28/05/2024,0.0,,,0.0,,0.0,,0.0,,0.0,,0.0,,,,,
28/06/2024,0.0,,,0.0,,0.0,,0.0,,0.0,,0.0,,,,,
28/07/2023,0.0,,-0.112857143,0.0,,0.0,,0.0,,0.0,,0.075268817,-0.112857143,,45.51686316526558,,39.42689813210723
28/07/2024,0.0,,,0.0,,0.0,,0.0,,0.0,,0.0,,,,,
28/08/2023,0.0,,-0.112857143,0.0,,0.0,,0.0,,0.0,,0.075268817,-0.112857143,,45.51686316526558,,39.42689813210723
28/08/2024,0.0,,-0.084663743,0.0,,0.0,,0.612903226,-0.142105263,0.177419355,-0.065,0.612903226,-0.076842105,35.021466084585654,47.59066573803864,59.17721518987342,41.903624338563034
28/09/2023,0.0,,0.0,0.0,,0.0,,0.0,,0.032258065,0.0,0.010752688,0.0,,52.015355087146006,63.291139240506325,49.34114202088367
28/09/2024,0.0,,,0.0,,0.0,,0.0,,0.0,,0.0,,,,,
28/10/2023,0.0,,,0.0,,0.0,,0.0,,0.0,,0.0,,,,,
28/10/2024,0.125,-0.494166667,-0.176942029,0.34375,-0.148636364,0.0,,0.71875,-0.227391304,0.15625,-0.23,0.71875,-0.182898551,27.935767816333605,41.48376865316075,48.734177215189874,33.79718633452581
28/11/2023,0.0,,-0.085454545,0.0,,0.0,,0.0,,0.064516129,0.05,0.11827957,-0.09,,46.83301343448484,66.45569620253164,41.83415417754955
28/11/2024,0.0,,,0.0,,0.0,,0.0,,0.0,,0.0,,,,,
28/12/2023,0.0,,-0.262726608,0.184210526,-0.108571429,0.0,,0.473684211,-0.402222222,0.25,-0.826,0.473684211,-0.099259259,13.410540494437898,46.29985072794619,11.012658227848103,26.26120575328773
28/12/2024,0.107526882,-0.247,-0.011684211,0.35483871,-0.022272727,0.35483871,0.018636364,0.548387097,-0.012941176,0.016129032,0.19,0.548387097,-0.07254902,45.752621345694074,47.837868329304364,75.31645569620252,48.31471060127982
29/01/2024,0.0,,0.03225,0.0,,0.0,,0.322580645,-0.055,0.0,,0.322580645,0.092,42.25830817454431,57.31285988764409,,52.17423133108391
29/01/2025,0.0,,0.015732323,0.0,,0.0,,0.709677419,-0.014545455,0.032258065,0.19,0.709677419,0.017272727,45.61933532609687,53.009945893669844,75.31645569620252,50.72319089269507
29/02/2024,0.0,,0.011675926,0.258064516,0.273125,0.0,,0.483870968,-0.118,0.096774194,-0.003333333,0.483870968,-0.055111111,37.02416920331596,48.8419705753712,63.08016879746835,50.366845622039925
29/03/2024,0.365591398,-0.012361111,-0.026944444,0.0,,0.0,,0.225806452,-0.072857143,0.0,,0.225806452,0.118095238,40.77470868103483,58.815464763460824,,46.974133764583236
29/04/2024,0.430107527,-0.030238095,0.019654762,0.258064516,0.084375,0.258064516,-0.066875,0.322580645,0.123,0.064516129,-0.095,0.322580645,-0.080666667,57.046827807538726,47.370441438529916,57.27848101265822,51.06776825706134
29/05/2024,0.0,,,0.0,,0.0,,0.0,,0.0,,0.0,,,,,
29/06/2024,0.0,,,0.0,,0.0,,0.0,,0.0,,0.0,,,,,
29/07/2023,0.0,,-0.14,0.0,,0.0,,0.0,,0.0,,0.086021505,-0.14,,43.95393473856197,,37.042459744045416
29/07/2024,0.0,,0.015445906,0.0,,0.483870968,0.093333333,0.548387097,-0.148823529,0.064516129,0.095,0.548387097,-0.078235294,34.463301991098696,47.51044372265276,69.30379746835442,50.69802980925445
29/08/2023,0.0,,-0.055555556,0.0,,0.0,,0.0,,0.032258065,0.58,0.096774194,-0.087777778,,46.960972474841064,100.0,44.46071250690442
29/08/2024,0.0,,0.096111111,0.0,,0.0,,0.096774194,0.0,0.048387097,-0.095,0.096774194,0.345555556,46.82779457799764,71.91298787789366,57.27848101265822,57.78428500276177
29/09/2023,0.0,,-0.063910256,0.21875,0.021428571,0.21875,-0.152142857,0.0,,0.125,-0.4325,0.104166667,0.0,,52.015355087146006,35.91772151898734,43.726771072487985
29/09/2024,0.0,,,0.0,,0.0,,0.0,,0.0,,0.0,,,,,
29/10/2023,0.0,,,0.0,,0.0,,0.0,,0.0,,0.0,,,,,
29/10/2024,0.021505376,-0.4,-0.005568182,0.0,,0.0,,0.709677419,0.028636364,0.14516129,0.057,0.709677419,-0.002424242,49.2069486860402,51.87576341722677,66.89873417721518,48.851989868900745
29/11/2023,0.0,,0.001111111,0.0,,0.0,,0.0,,0.032258065,0.0,0.096774194,0.001111111,,52.07933460732412,63.291139240506325,49.43875060062153
29/11/2024,0.09375,-0.493333333,-0.141148148,0.25,-0.03625,0.0,,0.65625,-0.226666667,0.15625,-0.241666667,0.65625,-0.138571429,27.995971796677953,44.03619410519624,47.99578056962025,36.94159754791122
29/12/2023,0.0,,-0.005538194,0.0,,0.0,,0.421052632,0.119375,0.236842105,-0.874444444,0.421052632,0.342708333,56.74565711276567,71.74904029625682,7.94655417721519,48.85462424664444
29/12/2024,0.0,,0.022353801,0.0,,0.0,,0.612903226,0.141578947,0.032258065,0.0,0.612903226,-0.025964912,58.590395911302,50.52025458753177,63.291139240506325,51.30487270787416
3/1/2024,0.0,,-0.085388889,0.0,,0.0,,0.394736842,0.229333333,0.263157895,-0.7965,0.394736842,0.132,65.88116815985464,59.61612284438239,12.879746835443036,41.839921908146465
3/1/2025,0.0,,0.026780303,0.0,,0.0,,0.709677419,0.012272727,0.0,,0.709677419,0.047424242,47.84743201726664,54.746117583395815,,51.69373086284409
3/10/2023,0.0,,,0.0,,0.0,,0.0,,0.0,,0.0,,,,,
3/10/2024,0.0,,,0.0,,0.0,,0.0,,0.0,,0.0,,,,,
3/11/2023,0.0,,0.047630208,0.225806452,0.165,0.225806452,-0.027142857,0.0,,0.129032258,0.0,0.150537634,0.071428571,,56.12832462807229,63.291139240506325,53.52534769925309
3/11/2024,0.0,,,0.0,,0.0,,0.0,,0.0,,0.0,,,,,
3/12/2023,0.0,,,0.0,,0.0,,0.0,,0.0,,0.0,,,,,
3/12/2024,0.0,,0.067902778,0.0,,0.0,,0.64516129,0.0495,0.096774194,0.095,0.64516129,0.117333333,50.940332341105645,58.77159307438448,69.30379746835442,55.306246966145686
3/2/2024,0.0,,0.040980392,0.0,,0.0,,0.447368421,0.156470588,0.210526316,-0.58,0.447368421,0.278235294,59.82761683993124,68.03658123533073,26.58227848101266,52.9411764550857
3/2/2025,0.0,,,0.0,,0.0,,0.0,,0.0,,0.0,,,,,
3/3/2024,0.0,,,0.0,,0.0,,0.0,,0.0,,0.0,,,,,
3/3/2025,0.0,,0.024107143,0.0,,0.0,,0.903225806,-0.02,0.0,,0.903225806,0.058214286,45.16616315856007,55.36742529956522,,51.458899823450146
3/4/2024,0.0,,0.067314815,0.0,,0.0,,0.290322581,-0.09,0.0,,0.290322581,0.17962963,39.35045319052857,62.35871190493616,,55.254595750949
3/5/2024,0.0,,-0.091442308,0.258064516,-0.018125,0.032258065,-0.07,0.35483871,-0.450909091,0.14516129,-0.002,0.35483871,-0.186060606,9.36555893221584,41.30169254944403,63.16455696202531,41.30814278693521
3/6/2024,0.0,,,0.0,,0.0,,0.0,,0.0,,0.0,,,,,
3/7/2023,0.0,,,0.0,,0.0,,0.0,,0.0,,0.0,,,,,
3/7/2024,0.0,,,0.0,,0.0,,0.0,,0.0,,0.0,,,,,
3/8/2023,0.0,,,0.0,,0.0,,0.0,,0.0,,0.0,,,,,
3/8/2024,0.0,,0.015846561,0.0,,0.0,,0.677419355,-0.028095238,0.064516129,0.195,0.677419355,0.027142857,44.49359806812882,53.57828351384962,75.63291139240506,50.7332264417375
3/9/2023,0.0,,,0.0,,0.0,,0.0,,0.0,,0.0,,,,,
3/9/2024,0.0,,-0.097731481,0.032258065,0.0,0.032258065,-0.395,0.290322581,-0.131111111,0.032258065,0.0,0.290322581,-0.117407407,35.93487750424928,45.25485180240109,63.291139240506325,40.755653211856135
30/01/2024,0.0,,0.006759259,0.0,,0.0,,0.290322581,-0.15,0.0,,0.290322581,0.088518519,34.36555893221584,57.112390732096884,,49.93492758422552
30/01/2025,0.0,,-0.044972222,0.0,,0.0,,0.64516129,-0.13,0.064516129,0.095,0.64516129,-0.033,36.02719035165342,50.1151631478369,69.30379746835442,45.39043438044485
30/03/2024,0.0,,,0.0,,0.0,,0.0,,0.0,,0.0,,,,,
30/04/2024,0.0,,-0.058277778,0.0,,0.0,,0.322580645,-0.235,0.096774194,-0.063333333,0.322580645,-0.046,27.303625399606158,49.36660268689696,59.282700443037974,44.22157148215428
30/05/2024,0.0,,,0.0,,0.0,,0.0,,0.0,,0.0,,,,,
30/06/2024,0.0,,,0.0,,0.0,,0.0,,0.0,,0.0,,,,,
30/07/2023,0.0,,0.0,0.0,,0.0,,0.0,,0.032258065,0.0,0.053763441,0.0,,52.015355087146006,63.291139240506325,49.34114202088367
30/07/2024,0.0,,-0.028703704,0.0,,0.0,,0.677419355,-0.068571429,0.096774194,0.0,0.677419355,-0.054126984,41.130772532891,48.89863815696684,63.291139240506325,46.819586766137874
30/08/2023,0.0,,0.0,0.0,,0.0,,0.0,,0.0,,0.010752688,0.0,,52.015355087146006,,49.34114202088367
30/08/2024,0.086021505,-0.065,-0.118352431,0.258064516,-0.03625,0.0,,0.516129032,-0.459375,0.177419355,0.015,0.516129032,-0.178541667,8.662197912790875,41.7346448912609,64.24050632911391,38.94414955259494
30/09/2023,0.0,,0.0,0.0,,0.032258065,0.0,0.0,,0.032258065,0.0,0.107526882,0.0,,52.015355087146006,63.291139240506325,49.34114202088367
30/09/2024,0.0,,,0.0,,0.0,,0.0,,0.0,,0.0,,,,,
30/10/2023,0.0,,0.069107143,0.225806452,0.103571429,0.225806452,0.051428571,0.0,,0.080645161,-0.063333333,0.150537634,0.0,,52.015355087146006,59.282700443037974,55.41204769814815
30/10/2024,0.0,,0.045833333,0.0,,0.0,,0.225806452,0.064285714,0.064516129,0.1925,0.225806452,0.043333333,52.16875268816654,54.51055660441864,75.47468354430379,53.36749630842314
30/11/2023,0.0,,-0.013125,0.0,,0.0,,0.0,,0.032258065,0.19,0.086021505,-0.025,,50.57581573918457,75.31645569620252,48.188140557430074
30/11/2024,0.0,,0.000219,0.0,,0.0,,0.612903226,0.005263158,0.032258065,0.19,0.612903226,-0.006315789,47.26506601291086,51.65168201598913,75.31645569620252,49.36038067387386
30/12/2023,0.0,,,0.0,,0.0,,0.0,,0.0,,0.0,,,,,
30/12/2024,0.0,,,0.0,,0.0,,0.0,,0.0,,0.0,,,,,
31/01/2024,0.0,,,0.0,,0.0,,0.0,,0.0,,0.0,,,,,
31/01/2025,0.0,,,0.0,,0.0,,0.0,,0.0,,0.0,,,,,
31/03/2024,0.0,,,0.0,,0.0,,0.0,,0.0,,0.0,,,,,
31/05/2024,0.0,,,0.0,,0.0,,0.0,,0.0,,0.0,,,,,
31/07/2023,0.0,,-0.355,0.0,,0.0,,0.0,,0.048387097,-0.05,0.086021505,-0.34875,,31.93378118308398,60.12658227848101,18.155197676043812
31/07/2024,0.0,,-0.025833333,0.0,,0.0,,0.677419355,-0.027619048,0.096774194,-0.193333333,0.677419355,-0.01984127,44.53316068140992,50.87286353200493,51.05485234177215,47.07174234432109
31/08/2023,0.0,,-0.096794872,0.161290323,-0.023,0.0,,0.0,,0.032258065,-0.77,0.129032258,-0.073333333,,47.792706352319655,14.556962025316453,40.837932186917755
31/08/2024,0.0,,0.012222222,0.0,,0.0,,0.548387097,-0.027058824,0.080645161,0.063333333,0.548387097,0.058431373,44.57970497142607,55.37992551070246,67.29957803797468,50.414836485847836
31/10/2023,0.0,,0.008636364,0.0,,0.0,,0.0,,0.064516129,0.095,0.11827957,0.0,,52.015355087146006,69.30379746835442,50.09982699847741
31/10/2024,0.0,,,0.0,,0.0,,0.0,,0.0,,0.0,,,,,
31/12/2023,0.0,,,0.0,,0.0,,0.0,,0.0,,0.0,,,,,
31/12/2024,0.0,,-0.144293981,0.290322581,-0.171666667,0.0,,0.774193548,-0.339583333,0.048387097,-0.05,0.774193548,-0.170555556,18.614677796491033,42.1944977321284,60.12658227848101,36.66524325817556
4/1/2024,0.0,,0.110027778,0.0,,0.0,,0.322580645,0.119,0.032258065,-0.19,0.322580645,0.180333333,56.71450152365121,62.399232231247304,51.26582278481012,59.00683261551577
4/1/2025,0.0,,,0.0,,0.0,,0.0,,0.0,,0.0,,,,,
4/10/2023,0.0,,0.003674242,0.193548387,0.113333333,0.193548387,-0.079166667,0.0,,0.064516129,0.19,0.086021505,0.0,,52.015355087146006,75.31645569620252,49.663915842070914
4/10/2024,0.075268817,-0.407142857,-0.033118687,0.225806452,-0.013571429,0.0,,0.709677419,-0.138181818,0.161290323,0.068,0.709677419,0.005606061,35.34743205880742,52.33816090300889,67.59493670886076,46.431740529176146
4/11/2023,0.0,,0.054318182,0.0,,0.0,,0.0,,0.129032258,0.04875,0.11827957,0.090909091,,57.250043630422276,66.37658227848101,54.11287103712278
4/11/2024,0.0,,,0.0,,0.0,,0.0,,0.0,,0.0,,,,,
4/12/2023,0.0,,0.042673611,0.25,0.29,0.21875,-0.040714286,0.0,,0.078125,-0.73,0.09375,-0.005555556,,51.695457428673876,17.088607594936708,53.08992190155788
4/12/2024,0.0,,0.0,0.0,,0.0,,0.032258065,0.0,0.0,,0.032258065,0.0,46.82779457799764,52.015355087146006,,49.34114202088367
4/2/2024,0.0,,,0.0,,0.0,,0.0,,0.0,,0.0,,,,,
4/2/2025,0.0,,-0.16292328,0.35483871,-0.223636364,0.0,,0.548387097,-0.287647059,0.096774194,-0.226666667,0.548387097,-0.184117647,22.92962503083697,41.41357118672306,48.94514765822785,35.02870161930969
4/3/2024,0.0,,,0.0,,0.0,,0.0,,0.0,,0.0,,,,,
4/3/2025,0.0,,-0.009236111,0.0,,0.0,,0.774193548,-0.099166667,0.112903226,0.1075,0.774193548,0.006805556,38.588872095592485,52.4072297130162,70.09493670886076,48.529770630436445
4/4/2024,0.0,,-0.106666667,0.0,,0.0,,0.032258065,0.0,0.0,,0.032258065,-0.213333333,46.82779457799764,39.73128600373561,,39.97071739972433
4/5/2024,0.225806452,0.053125,0.011805556,0.0,,0.0,,0.451612903,-0.169285714,0.080645161,0.193333333,0.451612903,0.000952,32.76327151578148,52.07017274551637,75.5274261392405,50.37823332335096
4/6/2024,0.0,,,0.0,,0.0,,0.0,,0.0,,0.0,,,,,
4/7/2023,0.0,,0.0,0.0,,0.0,,0.0,,0.032258065,0.0,0.0,,,,63.291139240506325,49.34114202088367
4/7/2024,0.0,,,0.0,,0.0,,0.0,,0.0,,0.0,,,,,
4/8/2023,0.0,,-0.3185,0.0,,0.0,,0.0,,0.016129032,0.0,0.107526882,-0.358,,31.401151624338254,63.291139240506325,21.36163984107664
4/8/2024,0.0,,-0.111363636,0.0,,0.0,,0.6875,-0.194090909,0.140625,-0.06,0.6875,-0.162272727,30.702416946917694,42.67143606244585,59.49367088607595,39.55809933261605
4/9/2023,0.0,,-0.501875,0.032258065,0.385,0.032258065,-0.21,0.0,,0.032258065,-0.19,0.021505376,-0.5,,23.224568127917298,51.26582278481012,5.252562251682252
4/9/2024,0.0,,-0.075,0.0,,0.0,,0.290322581,-0.117777778,0.032258065,0.0,0.290322581,-0.088888889,37.04263175618047,46.89699295466295,63.291139240506325,42.75256222972032
5/1/2024,0.0,,0.08287037,0.0,,0.0,,0.290322581,0.032222222,0.032258065,-0.19,0.290322581,0.18,49.50486740196228,62.38003839246834,51.26582278481012,56.62111595512673
5/1/2025,0.0,,,0.0,,0.0,,0.0,,0.0,,0.0,,,,,
5/10/2023,0.0,,0.011875,0.0,,0.0,,0.0,,0.032258065,0.19,0.086021505,0.0,,52.015355087146006,75.31645569620252,50.384333821151195
5/10/2024,0.0,,0.079513889,0.0,,0.0,,0.64516129,0.056,0.064516129,0.215,0.64516129,0.118333333,51.480362552422854,58.82917464830294,76.89873417721519,56.32625671664642
5/11/2023,0.0,,0.090909091,0.0,,0.0,,0.0,,0.032258065,0.0,0.11827957,0.090909091,,57.250043630422276,63.291139240506325,57.327299351492066
5/11/2024,0.0,,-0.135984127,0.35483871,-0.052272727,0.35483871,-0.116818182,0.64516129,-0.2085,0.064516129,-0.485,0.64516129,-0.229666667,29.50528703036094,38.79078692467976,32.594936708860764,37.395245073267795
5/12/2023,0.0,,-0.060555556,0.0,,0.0,,0.0,,0.064516129,0.095,0.096774194,-0.071111111,,47.92066539267588,69.30379746835442,44.0214738541602
5/12/2024,0.0,,,0.0,,0.0,,0.0,,0.0,,0.0,,,,,
5/2/2024,0.0,,-0.081296296,0.129032258,0.36625,0.0,,0.387096774,-0.215833333,0.0,,0.387096774,-0.216111111,28.896022204261023,39.57133717449955,,42.19944691525655
5/2/2025,0.0,,,0.0,,0.0,,0.0,,0.0,,0.0,,,,,
5/3/2024,0.451612903,0.140714286,0.033690476,0.0,,0.0,,0.290322581,-0.227777778,0.016129032,-0.19,0.290322581,-0.02037037,27.90365894927382,50.84239712124467,51.26582278481012,52.300773878593986
5/3/2025,0.0,,-0.561666667,0.0,,0.0,,0.032258065,-0.44,0.0,,0.032258065,-0.903333333,10.271903350371023,0.0,,0.0
5/4/2024,0.0,,0.015331197,0.28125,0.357222222,0.0,,0.375,-0.3875,0.109375,-0.095,0.375,-0.119166667,14.633685826394654,45.153550842669304,57.27848101265822,50.68795288393092
5/5/2024,0.0,,,0.0,,0.0,,0.0,,0.0,,0.0,,,,,
5/6/2024,0.0,,,0.0,,0.0,,0.0,,0.0,,0.0,,,,,
5/7/2023,0.0,,0.0,0.0,,0.0,,0.0,,0.064516129,0.0,0.010752688,0.0,,52.015355087146006,63.291139240506325,49.34114202088367
5/7/2024,0.0,,,0.0,,0.0,,0.0,,0.0,,0.0,,,,,
5/8/2023,0.0,,-0.166666667,0.0,,0.0,,0.0,,0.0,,0.064516129,-0.166666667,,42.41842608154258,,34.69985356679365
5/8/2024,0.0,,-0.022149123,0.0,,0.064516129,0.295,0.612903226,-0.001578947,0.064516129,-0.285,0.612903226,-0.073333333,46.69661318075631,47.792706352319655,45.25316455696203,47.395391831686446
5/9/2023,0.0,,0.0,0.0,,0.0,,0.0,,0.0,,0.032258065,0.0,,52.015355087146006,,49.34114202088367
5/9/2024,0.0,,-0.085472222,0.0,,0.0,,0.322580645,-0.225,0.032258065,0.39,0.322580645,-0.085666667,28.134441109324943,47.08253356893763,87.9746835443038,41.832601293216634
6/1/2024,0.0,,0.085625,0.129032258,0.04875,0.129032258,0.1225,0.0,,0.0,,0.0,,,,,56.863103949128494
6/1/2025,0.0,,-0.110184211,0.34375,0.005454545,0.34375,0.113181818,0.53125,-0.314705882,0.0625,0.0,0.53125,-0.288627451,20.681535507346968,35.39573218249356,63.291139240506325,39.661709142218626
6/10/2023,0.0,,0.0,0.0,,0.0,,0.0,,0.032258065,0.0,0.086021505,0.0,,52.015355087146006,63.291139240506325,49.34114202088367
6/10/2024,0.0,,,0.0,,0.0,,0.0,,0.0,,0.0,,,,,
6/11/2023,0.0,,,0.0,,0.0,,0.0,,0.0,,0.0,,,,,
6/11/2024,0.010752688,0.0,0.018148148,0.0,,0.0,,0.677419355,-0.00952381,0.096774194,0.063333333,0.677419355,0.04047619,46.03654148155996,54.346037813568536,67.29957803797468,50.935415636348225
6/12/2023,0.0,,,0.0,,0.0,,0.0,,0.0,,0.0,,,,,
6/12/2024,0.096774194,-0.277777778,0.027484127,0.290322581,0.026111111,0.290322581,0.193888889,0.677419355,-0.038571429,0.032258065,-0.19,0.677419355,0.042222222,43.62321966204737,54.44657708424052,51.26582278481012,51.755560203949905
6/2/2024,0.0,,0.005138889,0.0,,0.0,,0.473684211,0.032777778,0.210526316,-0.58,0.473684211,0.230925926,49.55102386720513,65.31243336480324,26.58227848101266,49.79258175707609
6/2/2025,0.64516129,-0.089126984,-0.091135266,0.0,,0.0,,0.516129032,-0.21875,0.080645161,-0.366666667,0.516129032,-0.062291667,28.653700927899184,48.42850285928157,40.084388164556955,41.335115729818384
6/3/2024,0.0,,-0.003402778,0.0,,0.0,,0.387096774,-0.160833333,0.016129032,-0.19,0.387096774,0.087222222,33.46550860771435,57.0377479105711,51.26582278481012,49.04221569602213
6/3/2025,0.0,,0.057777778,0.0,,0.0,,0.096774194,0.08,0.0,,0.096774194,0.075555556,53.47432025574794,56.36596291991015,,54.416788694338635
6/4/2024,0.35483871,-0.091818182,-0.051990741,0.0,,0.0,,0.35483871,-0.152727273,0.048387097,0.0,0.35483871,-0.011515152,34.13897280690665,51.35229451107573,63.291139240506325,44.773873414480896
6/5/2024,0.0,,,0.0,,0.0,,0.0,,0.0,,0.0,,,,,
6/6/2024,0.0,,,0.0,,0.0,,0.0,,0.0,,0.0,,,,,
6/7/2023,0.0,,0.0,0.0,,0.0,,0.0,,0.032258065,0.0,0.075268817,0.0,,52.015355087146006,63.291139240506325,49.34114202088367
6/7/2024,0.0,,,0.0,,0.0,,0.0,,0.0,,0.0,,,,,
6/8/2023,0.0,,,0.0,,0.0,,0.0,,0.0,,0.0,,,,,
6/8/2024,0.0,,0.003015873,0.0,,0.0,,0.677419355,-0.02047619,0.096774194,0.113333333,0.677419355,0.000635,45.126600545278976,52.05191938658423,70.464135,49.6060796195572
6/9/2023,0.0,,0.0,0.0,,0.0,,0.0,,0.0,,0.010752688,0.0,,52.015355087146006,,49.34114202088367
6/9/2024,0.0,,,0.0,,0.0,,0.0,,0.0,,0.0,,,,,
7/1/2024,0.0,,-0.036792929,0.161290323,0.138,0.0,,0.35483871,-0.243636364,0.048387097,-0.095,0.35483871,-0.020606061,26.586102711001175,50.82882566250626,57.27848101265822,46.1089667079889
7/1/2025,0.0,,-0.032482639,0.0,,0.064516129,-0.1725,0.516129032,-0.115625,0.080645161,0.063333333,0.516129032,-0.055,37.221487934374174,48.84836852163084,67.29957803797468,46.48761590249627
7/10/2023,0.0,,,0.0,,0.0,,0.0,,0.0,,0.0,,,,,
7/10/2024,0.0,,,0.0,,0.0,,0.0,,0.0,,0.0,,,,,
7/11/2023,0.0,,,0.0,,0.0,,0.0,,0.0,,0.0,,,,,
7/11/2024,0.0,,,0.0,,0.0,,0.0,,0.0,,0.0,,,,,
7/12/2023,0.0,,,0.0,,0.0,,0.0,,0.0,,0.0,,,,,
7/12/2024,0.0,,0.039137427,0.0,,0.0,,0.612903226,0.000526,0.032258065,0.19,0.612903226,0.07754386,46.871495484328854,56.48045259365851,75.31645569620252,52.77927616235475
7/2/2024,0.0,,,0.0,,0.0,,0.0,,0.0,,0.0,,,,,
7/2/2025,0.0,,0.0265,0.0,,0.0,,0.483870968,0.011333333,0.032258065,0.19,0.483870968,0.041111111,47.76938568798508,54.38259756406241,75.31645569620252,51.66910688042805
7/3/2024,0.0,,0.094444444,0.0,,0.0,,0.35483871,-0.013636364,0.048387097,0.0,0.35483871,0.193939394,45.694864034533275,63.18269063845784,63.291139240506325,57.63787208923111
7/3/2025,0.15625,-0.357333333,-0.172833333,0.453125,-0.102,0.0,,0.65625,-0.318095238,0.125,-0.195,0.65625,-0.16,20.399942486284004,42.802303260192815,50.94936708860759,34.15812595364092
7/4/2024,0.0,,,0.0,,0.0,,0.0,,0.0,,0.0,,,,,
7/5/2024,0.494623656,-0.007083333,-0.009322917,0.258064516,0.133125,0.258064516,-0.10375,0.35483871,-0.212727273,0.032258065,0.0,0.35483871,0.012121212,29.15407854859393,52.71331355190531,63.291139240506325,48.52214492033843
7/6/2024,0.0,,,0.0,,0.0,,0.0,,0.0,,0.0,,,,,
7/7/2023,0.0,,-0.18,0.0,,0.0,,0.0,,0.032258065,0.0,0.064516129,-0.193333333,,40.882917482104766,63.291139240506325,33.52855052209163
7/7/2024,0.0,,,0.0,,0.0,,0.0,,0.0,,0.0,,,,,
7/8/2023,0.0,,,0.0,,0.0,,0.0,,0.0,,0.0,,,,,
7/8/2024,0.0,,,0.0,,0.0,,0.0,,0.0,,0.0,,,,,
7/9/2023,0.0,,0.0,0.0,,0.0,,0.0,,0.0,,0.021505376,0.0,,52.015355087146006,,49.34114202088367
7/9/2024,0.0,,,0.0,,0.0,,0.0,,0.0,,0.0,,,,,
8/1/2024,0.0,,0.067006173,0.0,,0.0,,0.290322581,0.003333333,0.032258065,-0.19,0.290322581,0.155925926,47.10473312021006,60.993815320918934,51.26582278481012,55.227482251696934
8/1/2025,0.0,,-0.130416667,0.0,,0.0,,0.064516129,-0.495,0.0,,0.064516129,-0.013333333,5.702416946917696,51.2476007874271,,37.88433379918927
8/10/2023,0.0,,,0.0,,0.0,,0.0,,0.0,,0.0,,,,,
8/10/2024,0.0,,-0.225314815,0.0625,-0.18,0.0625,0.0,0.1875,-0.543333333,0.09375,0.0,0.1875,-0.337222222,1.6868077109707509,32.59756878410654,63.291139240506325,29.547746864100883
8/11/2023,0.0,,0.058141026,0.177419355,0.25,0.193548387,0.06,0.0,,0.048387097,-0.095,0.11827957,0.029090909,,53.690455414084624,57.27848101265822,54.44869920676505
8/11/2024,0.0,,-0.0440625,0.225806452,-0.007142857,0.0,,0.612903226,-0.132631579,0.064516129,-0.095,0.612903226,-0.060701754,35.80855463419681,48.520052552214985,57.27848101265822,45.4703513935752
8/12/2023,0.0,,-0.051410256,0.225806452,0.225,0.193548387,-0.0575,0.0,,0.032258065,-0.19,0.086021505,-0.1425,,43.809980803765825,51.26582278481012,44.82486770434854
8/12/2024,0.0,,,0.0,,0.0,,0.0,,0.0,,0.0,,,,,
8/2/2024,0.0,,,0.0,,0.0,,0.0,,0.0,,0.0,,,,,
8/2/2025,0.0,,,0.0,,0.0,,0.0,,0.0,,0.0,,,,,
8/3/2024,0.0,,,0.0,,0.0,,0.0,,0.0,,0.0,,,,,
8/3/2025,0.0,,-0.038685897,0.0,,0.0,,0.838709677,-0.103461538,0.032258065,-0.19,0.838709677,-0.023974359,38.23204746579092,50.63487376223988,51.26582278481012,45.94267376518731
8/4/2024,0.0,,,0.0,,0.0,,0.0,,0.0,,0.0,,,,,
8/5/2024,0.0,,-0.009444444,0.0,,0.032258065,0.12,0.451612903,-0.098571429,0.064516129,0.0,0.451612903,-0.02452381,38.63832540373465,50.60323550886879,63.291139240506325,48.511469049188015
8/6/2024,0.0,,,0.0,,0.0,,0.0,,0.0,,0.0,,,,,
8/7/2023,0.0,,0.0,0.0,,0.0,,0.0,,0.210526316,0.0,0.105263158,0.0,,52.015355087146006,63.291139240506325,49.34114202088367
8/7/2024,0.0,,0.130451389,0.0,,0.0,,0.516129032,0.004375,0.064516129,0.1425,0.516129032,0.247291667,47.19127645099962,66.25479848992507,72.31012658227847,60.801000491478185
8/8/2023,0.0,,0.0115,0.0,,0.0,,0.0,,0.064516129,-0.095,0.107526882,0.021,,53.224568139433615,57.27848101265822,50.351390922195385
8/8/2024,0.0,,,0.0,,0.0,,0.0,,0.0,,0.0,,,,,
8/9/2023,0.0,,,0.0,,0.0,,0.0,,0.0,,0.0,,,,,
8/9/2024,0.0,,,0.0,,0.0,,0.0,,0.0,,0.0,,,,,
9/1/2024,0.0,,,0.0,,0.0,,0.0,,0.0,,0.0,,,,,
9/1/2025,0.0,,-0.036521739,0.0,,0.064516129,0.32,0.741935484,-0.117391304,0.016129032,0.19,0.741935484,-0.043623188,37.07474062324026,49.50346326276524,75.31645569620252,46.13279013403644
9/10/2023,0.0,,-0.014375,0.064516129,0.145,0.064516129,-0.1075,0.0,,0.032258065,-0.19,0.021505376,0.0,,52.015355087146006,51.26582278481012,48.078330894244026
9/10/2024,0.0,,-0.149087302,0.0,,0.0,,0.225806452,-0.39,0.032258065,0.0,0.225806452,-0.15952381,14.425981898964956,42.82972302987705,63.291139240506325,36.244160886533436
9/11/2023,0.0,,0.104583333,0.0,,0.0,,0.0,,0.064516129,0.063333333,0.129032258,0.11,,58.349328218176325,67.29957803797468,58.52855047816776
9/11/2024,0.0,,0.02175,0.0,,0.0,,0.64516129,0.021,0.032258065,0.0,0.64516129,0.032,48.572507568407104,53.85796545253665,63.291139240506325,51.25183016032104
9/12/2023,0.0,,0.015833333,0.0,,0.0,,0.0,,0.032258065,0.19,0.064516129,0.0,,52.015355087146006,75.31645569620252,50.7320643919578
9/12/2024,0.0,,,0.0,,0.0,,0.0,,0.0,,0.0,,,,,
9/2/2024,0.0,,0.048886364,0.161290323,0.421,0.161290323,-0.052,0.35483871,-0.118181818,0.048387097,-0.19,0.35483871,0.083030303,37.009063478245,56.79637061681242,51.26582278481012,53.63569815306841
9/2/2025,0.0,,-0.190661376,0.258064516,-0.02375,0.0,,0.677419355,-0.444285714,0.064516129,0.095,0.677419355,-0.293809524,9.915839498514849,35.097340262993214,69.30379746835442,32.59197283596371
9/3/2024,0.0,,0.083,0.0,,0.0,,0.322580645,-0.03,0.048387097,0.045,0.322580645,0.168333333,44.33534744884128,61.70825334422582,66.13924050632912,56.63250365643777
9/3/2025,0.0,,,0.0,,0.0,,0.0,,0.0,,0.0,,,,,
9/4/2024,0.0,,,0.0,,0.0,,0.0,,0.0,,0.0,,,,,
9/5/2024,0.0,,0.006666667,0.0,,0.0,,0.483870968,-0.085333333,0.064516129,-0.48,0.483870968,0.078222222,39.738167216091185,56.519513745304984,32.91139240506329,49.92679358715854
9/6/2024,0.0,,,0.0,,0.0,,0.0,,0.0,,0.0,,,,,
9/7/2023,0.0,,,0.0,,0.0,,0.0,,0.0,,0.0,,,,,
9/7/2024,0.0,,0.002583333,0.0,,0.0,,0.322580645,0.139,0.080645161,0.066666667,0.322580645,-0.081666667,58.37613294308879,47.312859864611454,67.51054854430379,49.56808196218561
9/8/2023,0.0,,-0.043888889,0.0,,0.0,,0.0,,0.064516129,0.0,0.096774194,-0.087777778,,46.960972474841064,63.291139240506325,45.48560272592352
9/8/2024,0.0,,0.017986111,0.0,,0.0,,0.64516129,-0.1865,0.129032258,0.1925,0.64516129,0.090333333,31.333081591742275,57.21689057858613,75.47468354430379,50.921181053633276
9/9/2023,0.0,,,0.0,,0.0,,0.0,,0.0,,0.0,,,,,
9/9/2024,0.0,,0.013518519,0.0,,0.0,,0.290322581,-0.188888889,0.0,,0.290322581,0.121481481,31.13460894074483,59.01044996507119,,50.52871323541511
